Job ID,Job URL,Job Title,Company Name,Status,Timestamp,WP ID
da883b17c086e9ce,https://md.linkedin.com/jobs/view/cabin-crew-recruitment-day-chisinau-5-august-2026-at-wizz-air-4432737480,Cabin Crew Recruitment Day - Chisinau - 5 August 2026,,scraped,2026-07-07T00:50:31.184877,
f64de747d74dd3a0,https://md.linkedin.com/jobs/view/sortator-sortatoare-produse-at-moldcell-4437195509,Sortator/Sortatoare produse,,scraped,2026-07-07T00:50:37.761448,
ab146dd27be4c05f,https://md.linkedin.com/jobs/view/driver-care-manager-chisinau-office-on-site-at-egala-4424850391,Driver Care Manager / Chisinau Office (on-site),,scraped,2026-07-07T00:50:45.492379,
b4f2087b41cf6eed,https://md.linkedin.com/jobs/view/junior-security-coordinator-at-cegeka-4433175834,Junior Security Coordinator,,scraped,2026-07-07T00:50:52.005021,
1a04d75db39a222a,https://md.linkedin.com/jobs/view/specialist-logistic%C4%83-at-moldcell-4435804634,Specialist Logistică,,scraped,2026-07-07T00:50:58.828872,
0ec2c2f5092a0f94,https://md.linkedin.com/jobs/view/specialist-procurement-operations-m-f-d-at-autodoc-4435549019,Specialist Procurement Operations (m/f/d),,scraped,2026-07-07T00:51:06.126743,
ac2a30ad0dc5f661,https://md.linkedin.com/jobs/view/international-category-buyer-with-russian-and-eng-at-veo-worldwide-services-4437188710,International Category Buyer with Russian and Eng,,scraped,2026-07-07T00:51:14.493964,
fe79268976ac90f3,https://md.linkedin.com/jobs/view/future-qa-opportunities-at-mixbook-moldova-at-mixbook-4437442303,Future QA Opportunities at Mixbook Moldova,Mixbook,posted,2026-07-07T00:51:32.210817,19
28a6b5b4ffebf375,https://md.linkedin.com/jobs/view/learning-development-manager-tarol-dd-at-tarol-dd-4432327793,Learning & Development Manager TAROL DD,Tarol-DD,posted,2026-07-07T00:51:43.407591,21
e66b49c314b65100,https://md.linkedin.com/jobs/view/data-scientist-m-f-d-at-autodoc-4434684442,Data Scientist (m/f/d),,scraped,2026-07-07T00:51:46.011176,
2068871c9b0bb12a,https://md.linkedin.com/jobs/view/ad-creative-producer-igaming-social-casino-at-ruby-labs-4436784816,Ad Creative Producer (iGaming / Social Casino),Ruby Labs,posted,2026-07-07T00:51:59.883766,23
d309c7d07a0659ee,https://md.linkedin.com/jobs/view/head-of-crm-at-moldindconbank-4432713076,Head of CRM,,scraped,2026-07-07T00:52:02.537957,
f09954420d89a1e1,https://md.linkedin.com/jobs/view/reprezentant-medical-at-gral-medical-4422287090,REPREZENTANT MEDICAL,,scraped,2026-07-07T00:53:14.910292,
f035c88a18552c38,https://md.linkedin.com/jobs/view/b2b-sales-manager-at-simpals-4433146924,B2B Sales Manager,Simpals,posted,2026-07-07T00:53:34.043498,25
27ba240870cc0b42,https://md.linkedin.com/jobs/view/logistics-manager-at-concepta-llc-4435466424,Logistics Manager,Concepta LLC,posted,2026-07-07T00:53:42.439357,27
e740a4159b9d8971,https://md.linkedin.com/jobs/view/online-sales-manager-video-consultations-remote-at-novakid-inc-4436739265,Online Sales Manager  (Video Consultations) - Remote,,scraped,2026-07-07T00:53:45.006982,
7dbdd40ce0ef3e6e,https://md.linkedin.com/jobs/view/fluent-german-customer-support-consultant-remote-at-supportyourapp-4437155807,(fluent German) Customer Support Consultant (remote),SupportYourApp,posted,2026-07-07T00:53:58.817221,29
d798817acdfa3b81,https://md.linkedin.com/jobs/view/sales-development-representative-romanian-speaking-at-huzzle-com-4436715343,Sales Development Representative - Romanian Speaking,,scraped,2026-07-07T00:54:01.491870,
fd5b39186b4b0c73,https://md.linkedin.com/jobs/view/assistant-office-manager-at-buy-business-class-4433945539,Assistant Office Manager,Buy Business Class,posted,2026-07-07T00:54:14.494161,31
a65b7ae411ee8228,https://md.linkedin.com/jobs/view/lucr%C4%83tor-comercial-chi%C8%99in%C4%83u-ciocana-f-m-at-wherewework-jobs-4436046113,Lucrător Comercial Chișinău - Ciocana (f/m),wherewework Jobs,posted,2026-07-07T00:54:26.484754,33
5e8aaf9acb1b01f1,https://md.linkedin.com/jobs/view/manager-produse-non-creditare-serviciul-dezvoltare-produse-imm-departamentul-business-imm-at-fincombank-sa-4436799735,"Manager produse (non-creditare), Serviciul Dezvoltare Produse IMM, Departamentul Business IMM",,scraped,2026-07-07T00:54:29.144197,
df0cc74869668ac6,https://md.linkedin.com/jobs/view/manager-v%C3%A2nz%C4%83ri-at-meta-sistem-4268905836,Manager Vânzări,Meta-Sistem,posted,2026-07-07T00:54:51.827292,35
eec382c6493b2c85,https://md.linkedin.com/jobs/view/growth-marketer-at-the-flex-4436778459,Growth Marketer,,scraped,2026-07-07T00:54:54.430939,
e0faf36325570825,https://md.linkedin.com/jobs/view/billing-systems-support-engineer-at-moldcell-4437463033,Billing Systems Support Engineer,,scraped,2026-07-07T00:55:01.292069,
3182108c5e8d34a0,https://md.linkedin.com/jobs/view/specialist-directia-contact-centru-at-fincombank-sa-4434973877,"Specialist, Directia Contact Centru",,scraped,2026-07-07T00:55:08.615407,
68d72b8c99b310d5,https://md.linkedin.com/jobs/view/data-scientist-at-moldindconbank-4433932514,Data Scientist,,scraped,2026-07-07T00:56:22.279823,
00b87cf638dedfd1,https://md.linkedin.com/jobs/view/top-manager-at-cristis-aesthetic-beauty-clinic-4432390219,Top Manager,Cristis Aesthetic Beauty Clinic,posted,2026-07-07T00:57:43.943218,37
b79a15b877b5e842,https://md.linkedin.com/jobs/view/ifrs-reporting-specialist-financial-reporting-accounting-at-microinvest-4432320833,IFRS Reporting Specialist | Financial Reporting & Accounting,,scraped,2026-07-07T00:57:46.582911,
0071c3b9d2e69ee8,https://md.linkedin.com/jobs/view/javascript-software-developer-remote-work-ref%23296724-at-bairesdev-4435332886,JavaScript Software Developer - Remote work | REF#296724,BairesDev,posted,2026-07-07T00:59:05.111604,39
e5f6eda23511f6ea,https://md.linkedin.com/jobs/view/analist-prevenirea-sp%C4%83l%C4%83rii-banilor-departamentul-conformitate-at-maib-4432785747,Analist prevenirea spălării banilor | Departamentul Conformitate,,scraped,2026-07-07T00:59:07.775362,
cb4afff2845f665a,https://md.linkedin.com/jobs/view/senior-agri-food-logistics-cold-chain-expert-at-ntu-international-a-s-4436499401,Senior Agri-Food Logistics / Cold Chain Expert,,scraped,2026-07-07T01:00:18.999812,
d5b3889a2d1eb2de,https://md.linkedin.com/jobs/view/manager-v%C3%A2nz%C4%83ri-proiecte-at-qgroup-talents-4436307053,Manager vânzări proiecte,QGROUP | Talents,posted,2026-07-07T01:00:34.211428,41
d6000312d710423c,https://md.linkedin.com/jobs/view/v%C3%A2nz%C4%83tor-consultant-v%C3%A2nz%C4%83toare-consultant%C4%83-%C3%AEn-or-basarabeasca-at-moldcell-4436398702,Vânzător-consultant/Vânzătoare-consultantă în or. Basarabeasca,,scraped,2026-07-07T01:00:36.503010,
51fc5ecb0bf31388,https://md.linkedin.com/jobs/view/senior-staff-engineer-computing-architecture-at-axelera-ai-4436397961,Senior/Staff Engineer - Computing Architecture,,scraped,2026-07-07T01:01:47.458442,
bcc451ed825e4441,https://md.linkedin.com/jobs/view/international-category-buyer-with-spanish-at-veo-worldwide-services-4437188361,International Category Buyer with Spanish,,scraped,2026-07-07T01:01:54.898509,
6a0610dc575a89e3,https://md.linkedin.com/jobs/view/senior-training-and-capacity-development-expert-at-ntu-international-a-s-4434972508,Senior Training and Capacity Development Expert,,scraped,2026-07-07T01:02:01.936253,
ef98a60fb9201b1d,https://md.linkedin.com/jobs/view/rpa-junior-developer-cedacri-international-at-ion-4173050863,RPA Junior Developer (Cedacri International),,scraped,2026-07-07T01:02:09.201300,
67915db5af7a15a8,https://md.linkedin.com/jobs/view/specialist-invoice-verification-m-f-d-at-autodoc-4434975059,Specialist Invoice Verification (m/f/d),,scraped,2026-07-07T01:02:15.787424,
07bfb9c4ad040c70,https://md.linkedin.com/jobs/view/senior-value-chain-development-expert-at-ntu-international-a-s-4436390302,Senior Value Chain Development Expert,,scraped,2026-07-07T01:04:33.400626,
56357c9b74c11b2f,https://md.linkedin.com/jobs/view/%D0%B1%D1%83%D1%85%D0%B3%D0%B0%D0%BB%D1%82%D0%B5%D1%80-at-sh-hendrix-bail-4432744955,Бухгалтер,SH HENDRIX BAIL,failed|wp_post_failed,2026-07-07T01:04:43.058421,
fd2b530cf41acc63,https://md.linkedin.com/jobs/view/senior-water%E2%80%93agriculture-foresight-expert-at-ntu-international-a-s-4435184065,Senior Water–Agriculture Foresight Expert,,scraped,2026-07-07T01:04:45.755489,
14334902055f9c88,https://md.linkedin.com/jobs/view/sales-executive-brands-chi%C8%99in%C4%83u-moldova-at-glovo-4415605319,"Sales Executive Brands - Chișinău, Moldova",,scraped,2026-07-07T01:05:56.288614,
73fbeb700127674d,https://md.linkedin.com/jobs/view/senior-quality-engineer-java-remote-work-ref%23293859-at-bairesdev-4426561398,Senior Quality Engineer (Java) - Remote Work | REF#293859,BairesDev,posted,2026-07-07T01:06:09.072729,43
7e1b6201ed04eb66,https://md.linkedin.com/jobs/view/commercial-team-leader-%40-veo-in-chisinau-at-veo-worldwide-services-4425450753,Commercial Team Leader @ VEO in Chisinau,,scraped,2026-07-07T01:06:11.686617,
0b830e4705fdd80e,https://md.linkedin.com/jobs/view/e-commerce-sales-specialist-at-plantifique-4433101056,E-commerce Sales Specialist,,scraped,2026-07-07T01:07:22.304951,
22d983b523a7591b,https://md.linkedin.com/jobs/view/senior-climate-adaptation-expert-at-ntu-international-a-s-4435107484,Senior Climate Adaptation Expert,,scraped,2026-07-07T01:07:29.897415,
9a10f7e705909c37,https://md.linkedin.com/jobs/view/distributed-systems-engineer-apache-spark-internals-remote-work-ref%23294297-at-bairesdev-4426550510,Distributed Systems Engineer (Apache Spark Internals) - Remote Work | REF#294297,,scraped,2026-07-07T01:07:37.093682,
dc26e34f10f85c00,https://md.linkedin.com/jobs/view/senior-analyst-supply-analytics-bangkok-based-relocation-provided-at-agoda-4299763782,"Senior Analyst (Supply Analytics, Bangkok-based, Relocation provided)",Agoda,posted,2026-07-07T01:07:56.019716,45
653e13ae48fb0083,https://md.linkedin.com/jobs/view/senior-full-stack-developer-python-%2B-js-with-data-support-remote-work-ref%23296698-at-bairesdev-4435347100,Senior Full Stack Developer - Python + JS with Data Support - Remote Work | REF#296698,,scraped,2026-07-07T01:07:58.669859,
6373693944630f2e,https://md.linkedin.com/jobs/view/senior-full-stack-developer-python-%2B-js-with-data-support-remote-work-ref%23296695-at-bairesdev-4435325979,Senior Full Stack Developer - Python + JS with Data Support - Remote Work | REF#296695,,scraped,2026-07-07T01:08:05.730833,
df5636d994ab9326,https://md.linkedin.com/jobs/view/senior-distributed-systems-engineer-java-remote-work-ref%23290106-at-bairesdev-4420454826,Senior Distributed Systems Engineer (Java) - Remote Work | REF#290106,,scraped,2026-07-07T01:08:13.013450,
a48e41dc3fef39fa,https://md.linkedin.com/jobs/view/senior-distributed-systems-engineer-remote-work-ref%23293794-at-bairesdev-4426569319,Senior Distributed Systems Engineer - Remote Work | REF#293794,,scraped,2026-07-07T01:09:24.367348,
97204565505ac033,https://md.linkedin.com/jobs/view/php-backend-developer-microservices-tracking-systems-m-f-d-at-autodoc-4434643700,PHP Backend Developer (Microservices / Tracking Systems) m/f/d,,scraped,2026-07-07T01:09:43.893220,
cdc95070bf0fd830,https://md.linkedin.com/jobs/view/senior-platform-engineer-kubernetes-remote-work-ref%23294056-at-bairesdev-4426567349,Senior Platform Engineer (Kubernetes) - Remote Work | REF#294056,,scraped,2026-07-07T01:09:52.776043,
0d2e09b55c5855cd,https://md.linkedin.com/jobs/view/senior-data-platform-engineer-remote-work-ref%23293905-at-bairesdev-4426567348,Senior Data Platform Engineer - Remote Work | REF#293905,,scraped,2026-07-07T01:11:11.753255,
1c38dbf29c53125a,https://md.linkedin.com/jobs/view/analyst-senior-analyst-associate-manager-marketing-analytics-bangkok-based-relocation-provided-at-agoda-4410540345,"Analyst/Senior Analyst/Associate Manager, Marketing Analytics (Bangkok Based, relocation provided)",Agoda,posted,2026-07-07T01:11:30.569976,47
b86429c9ef6b006e,https://md.linkedin.com/jobs/view/sre-engineer-cloud-infrastructure-m-f-d-at-autodoc-4434694173,SRE Engineer (Cloud Infrastructure) m/f/d,,scraped,2026-07-07T01:11:33.218621,
1b99f90532151fd1,https://md.linkedin.com/jobs/view/english-speaking-customer-support-operator-at-autodoc-4436572607,English speaking Customer Support Operator,,scraped,2026-07-07T12:18:05.356550,
cac53f0766275a04,https://md.linkedin.com/jobs/view/manual-qa-engineer-at-stefanini-emea-4435440381,Manual QA Engineer,Stefanini EMEA,posted,2026-07-07T12:18:35.156255,49
4f9577e94a9a2317,https://md.linkedin.com/jobs/view/accounts-receivable-accountant-ii-at-tsc-4436752752,Accounts Receivable Accountant II,TSC,posted,2026-07-07T12:18:42.550140,51
84cc8a9705d685f9,https://md.linkedin.com/jobs/view/assistant-4433969639,Assistant,ErLux Studio,posted,2026-07-07T12:18:53.792128,53
a824ceb5419b6a37,https://md.linkedin.com/jobs/view/middleware-engineer-at-stefanini-emea-4406569249,Middleware Engineer,Stefanini EMEA,posted,2026-07-07T12:19:08.872142,55
341d2132c8d9a67e,https://md.linkedin.com/jobs/view/semi-senior-python-developer-remote-work-ref%23296560-at-bairesdev-4435339354,Semi Senior Python Developer - Remote Work | REF#296560,BairesDev,posted,2026-07-07T12:19:17.789768,57
904ad1b32ede87cc,https://md.linkedin.com/jobs/view/full-stack-developer-moldova-at-cantarus-4428826288,Full-stack Developer (Moldova),,scraped,2026-07-07T12:19:20.388514,
3163c3c6c8d22e96,https://md.linkedin.com/jobs/view/devops-engineer-at-grid-dynamics-4432760763,DevOps Engineer,Grid Dynamics,posted,2026-07-07T12:19:32.510119,59
85f5aa692bcf290e,https://md.linkedin.com/jobs/view/manager-v%C3%A2nz%C4%83ri-corporative-b2b-at-qgroup-talents-4433159503,Manager Vânzări Corporative B2B,QGROUP | Talents,posted,2026-07-07T12:19:40.741024,61
d3d48111af60db24,https://md.linkedin.com/jobs/view/analyst-senior-analyst-pricing-marketing-bangkok-based-relocation-provided-at-agoda-4410530486,"Analyst/ Senior Analyst, Pricing Marketing (Bangkok Based, relocation provided)",Agoda,posted,2026-07-07T12:19:54.523839,63
4dc797cd788f5b37,https://md.linkedin.com/jobs/view/senior-java-software-engineer-at-r-systems-4434532600,Senior Java Software Engineer,R Systems,posted,2026-07-07T12:20:05.505677,65
c422a62ddda074d0,https://md.linkedin.com/jobs/view/funded-traineeship-for-young-graduates-at-the-eu-delegation-to-the-republic-of-moldova-at-eubam-libya-4437131139,Funded traineeship for young graduates at the EU Delegation to the Republic of Moldova,,scraped,2026-07-07T12:20:08.094717,
f55eacaaae22b534,https://md.linkedin.com/jobs/view/junior-qa-automation-engineer-python-moldova-4433924351,"Junior QA Automation Engineer (Python, Moldova)",IAW Internationale Akademie gGmbH,posted,2026-07-07T12:20:22.556636,67
6f2ef82a41b63959,https://md.linkedin.com/jobs/view/fluent-german-customer-support-consultant-remote-at-supportyourapp-4437167298,(fluent German) Customer Support Consultant (remote),SupportYourApp,posted,2026-07-07T12:20:28.386095,29
d1a26d7a02b56961,https://md.linkedin.com/jobs/view/integrations-analyst-m-f-d-at-autodoc-4434644669,Integrations Analyst (m/f/d),,scraped,2026-07-07T12:20:30.978846,
8f5ca5fe5e52015c,https://md.linkedin.com/jobs/view/senior-agricultural-statistics-expert-at-ntu-international-a-s-4437765660,Senior Agricultural Statistics Expert,,scraped,2026-07-07T12:20:41.421903,
72f592deb2c3ea33,https://md.linkedin.com/jobs/view/stream-processing-engineer-apache-flink-internals-remote-work-ref%23294343-at-bairesdev-4426545505,Stream Processing Engineer (Apache Flink Internals) - Remote Work | REF#294343,BairesDev,posted,2026-07-07T12:20:57.447951,69
1262917a5b27c209,https://md.linkedin.com/jobs/view/distributed-storage-engineer-apache-ozone-internals-remote-work-ref%23294435-at-bairesdev-4426564389,Distributed Storage Engineer (Apache Ozone Internals) - Remote Work | REF#294435,BairesDev,posted,2026-07-07T12:21:06.451114,71
8752daf08cf2de7d,https://md.linkedin.com/jobs/view/query-engine-engineer-apache-trino-internals-remote-work-ref%23294389-at-bairesdev-4426562450,Query Engine Engineer (Apache Trino Internals) - Remote Work | REF#294389,BairesDev,posted,2026-07-07T12:21:16.051645,73
4cf455dae7a0f744,https://md.linkedin.com/jobs/view/ux-ui-designer-at-the-flex-4436393142,UX/UI Designer,,scraped,2026-07-07T12:21:22.686745,
0488888fb979f660,https://md.linkedin.com/jobs/view/senior-fullstack-python-developer-remote-work-ref%23296623-at-bairesdev-4435343187,Senior Fullstack Python Developer - Remote Work | REF#296623,BairesDev,posted,2026-07-07T12:21:38.710318,75
2821d7dd99679500,https://md.linkedin.com/jobs/view/software-engineer-rust-remote-work-ref%23289837-at-bairesdev-4420461593,Software Engineer (Rust) - Remote Work | REF#289837,BairesDev,posted,2026-07-07T12:21:49.807385,77
66ec5c3fcd8bf1eb,https://md.linkedin.com/jobs/view/semi-senior-python-developer-remote-work-ref%23296564-at-bairesdev-4435328993,Semi Senior Python Developer - Remote Work | REF#296564,BairesDev,posted,2026-07-07T12:22:02.268355,79
c6916cf44cceda8c,https://md.linkedin.com/jobs/view/shopify-developer-at-fuelerate-4433952531,Shopify Developer,Fuelerate,posted,2026-07-07T12:22:09.929394,81
7001e11562ce9b5f,https://md.linkedin.com/jobs/view/senior-software-engineer-java-%2B-observability-remote-work-ref%23293931-at-bairesdev-4426562400,Senior Software Engineer (Java + Observability) - Remote Work | REF#293931,BairesDev,posted,2026-07-07T12:22:23.426749,83
910bab086316821f,https://md.linkedin.com/jobs/view/sports-data-collector-football-chisinau-moldova-at-genius-sports-4414305762,"Sports Data Collector (Football) - Chisinau, Moldova",,scraped,2026-07-07T12:22:26.100371,
25c10315e8ba1b04,https://md.linkedin.com/jobs/view/french-speaking-customer-support-operator-m-f-d-at-autodoc-4435048564,French speaking Customer Support Operator(m/f/d),,scraped,2026-07-07T12:22:32.632098,
07ede39cde2fcb17,https://md.linkedin.com/jobs/view/graphic-designer-at-wherewework-jobs-4436551967,Graphic designer,wherewework Jobs,posted,2026-07-07T20:33:04.058389,85
a83c4b8d1ce0d3d2,https://md.linkedin.com/jobs/view/hr-generalist-at-immigrant-invest-4435236315,HR Generalist,IMMIGRANT INVEST,posted,2026-07-07T20:33:17.382820,87
1bcc5b8ac1d111c4,https://md.linkedin.com/jobs/view/chief-financial-officer-cfo-at-ultahost-4435215126,Chief Financial Officer (CFO),UltaHost,posted,2026-07-07T20:33:26.231745,89
2c40f91e528e3910,https://md.linkedin.com/jobs/view/junior-recruiter-at-wherewework-jobs-4436047065,Junior Recruiter,wherewework Jobs,posted,2026-07-07T20:33:37.813342,91
34365b2528b32d8e,https://md.linkedin.com/jobs/view/data-focused-project-coordinator-remote-contract-at-infuse-4437789431,"Data-Focused Project Coordinator (Remote, Contract)",INFUSE,posted,2026-07-07T20:33:46.686572,93
a74c72447fa0ea54,https://md.linkedin.com/jobs/view/sales-manager-us-market-at-crystalia-glass-llc-4436752802,Sales Manager (US Market),Crystalia Glass LLC,posted,2026-07-07T20:33:54.570274,95
0432f2e0e736d0f2,https://md.linkedin.com/jobs/view/project-associate-open-to-internal-and-external-applicants-at-undp-careers-4435133163,Project Associate [Open to internal and external applicants],UNDP Careers,posted,2026-07-07T20:34:03.828145,97
dc656b750c25a936,https://md.linkedin.com/jobs/view/ingest-specialist-english-eu-at-simply-tv-4437177842,Ingest Specialist - English (EU),,scraped,2026-07-07T20:34:06.497047,
033a8b99d3c279ba,https://md.linkedin.com/jobs/view/data-scientist-intern-at-grid-dynamics-4437805802,Data Scientist Intern,Grid Dynamics,posted,2026-07-07T20:34:18.840831,99
cf9f02f5c3e6d9cd,https://md.linkedin.com/jobs/view/human-resources-director-at-olimp-invest-group-4434574582,Human Resources Director,OLIMP Invest Group,posted,2026-07-07T20:34:42.534000,101
ba7d346bb5b1b237,https://md.linkedin.com/jobs/view/data-editor-tv-streaming-german-english-ro-md-at-simply-tv-4437878034,Data Editor (TV & Streaming) - German&English (RO/MD),,scraped,2026-07-07T20:34:45.152302,
41a9cbf71b6986e1,https://md.linkedin.com/jobs/view/java-engineer-intern-at-grid-dynamics-4437799966,Java Engineer Intern,Grid Dynamics,posted,2026-07-07T20:35:00.962786,103
541f3b8ea7e25ab2,https://md.linkedin.com/jobs/view/manager-de-produs-at-iute-moldova-4434542435,Manager de Produs,iute Moldova,posted,2026-07-07T20:35:09.847263,105
5de0d267eb161f07,https://md.linkedin.com/jobs/view/%D0%BC%D0%B5%D0%BD%D0%B5%D0%B4%D0%B6%D0%B5%D1%80-%D0%BF%D0%BE-%D0%BF%D1%80%D0%BE%D0%B4%D0%B0%D0%B6%D0%B0%D0%BC-%D0%B8-%D0%BE%D0%B1%D1%81%D0%BB%D1%83%D0%B6%D0%B8%D0%B2%D0%B0%D0%BD%D0%B8%D1%8E-%D0%BA%D0%BB%D0%B8%D0%B5%D0%BD%D1%82%D0%BE%D0%B2-at-arax-telecommunication-company-4432772512,Менеджер по продажам и обслуживанию клиентов,,scraped,2026-07-07T20:35:12.421117,
21491bce6e742587,https://md.linkedin.com/jobs/view/circular-economy-co-founder-head-of-growth-100-%25-remote-m-f-d-at-ewor-4435491007,Circular Economy Co-Founder / Head of Growth (100 % remote) (m/f/d),,scraped,2026-07-07T20:35:23.533698,
0a4f457cb2ee9861,https://md.linkedin.com/jobs/view/national-individual-consultant-financial-expert-for-the-revision-of-personal-assistance-service-chisinau-moldova-5-months-remote-at-unicef-chad-4433152660,"National Individual Consultant - Financial Expert for the revision of personal assistance service_Chisinau, Moldova (5 months, remote)",Unicef CHAD,posted,2026-07-07T20:35:40.912795,107
9e60ccd311bfd8df,https://md.linkedin.com/jobs/view/analyst-banking-at-ebrd-4437191970,"Analyst, Banking",EBRD,posted,2026-07-07T20:35:54.853559,109
888eda0edf2c2c34,https://md.linkedin.com/jobs/view/national-individual-consultant-financial-expert-for-the-revision-of-personal-assistance-service-chisinau-moldova-5-months-remote-at-unicef-4434645528,"National Individual Consultant - Financial Expert for the revision of personal assistance service_Chisinau, Moldova (5 months, remote)",UNICEF,posted,2026-07-07T20:36:10.379750,111
e3d1fe2235093b6d,https://md.linkedin.com/jobs/view/flexible-internship-in-audit-support-services-chisinau-at-ey-4368995260,Flexible Internship in Audit Support Services | Chisinau,EY,posted,2026-07-07T20:36:20.627586,113
1d94d484c3c83d27,https://md.linkedin.com/jobs/view/lead-analyst-supply-analytics-bangkok-based-relocation-provided-at-agoda-4371895818,"Lead Analyst (Supply Analytics, Bangkok-based, Relocation provided)",Agoda,posted,2026-07-07T20:36:42.808895,115
659dfc04d46751f7,https://md.linkedin.com/jobs/view/game-presenter-russian-ukrainian-speakers-bucharest-romania-at-grow-tech-com-4435402426,"Game Presenter (Russian & Ukrainian Speakers) - Bucharest, Romania",Grow-tech.com,posted,2026-07-07T20:36:58.604274,117
b34b6a4339f579d7,https://md.linkedin.com/jobs/view/marketing-director-fmcg-4348720346,Marketing Director (FMCG),ICS FUNNY PIG SRL,posted,2026-07-07T20:37:09.629921,119
5974ae32e3c8cf6a,https://md.linkedin.com/jobs/view/customer-care-representative-at-arrive-4425895096,Customer Care Representative,,scraped,2026-07-07T20:37:14.416053,
3a4124b6622b62e8,https://md.linkedin.com/jobs/view/specialist-corectari-credite-serviciul-monitorizare-conturi-departamentul-operatiuni-at-fincombank-sa-4436900698,"Specialist corectari credite, Serviciul monitorizare conturi, Departamentul Operatiuni",,scraped,2026-07-07T20:37:23.474385,
f0e938a88430ddbd,https://md.linkedin.com/jobs/view/fullstack-python-developer-remote-work-ref%23296639-at-bairesdev-4435345132,Fullstack Python Developer - Remote Work | REF#296639,BairesDev,posted,2026-07-07T20:37:42.990491,121
8a2b8d2dec62616f,https://md.linkedin.com/jobs/view/fullstack-python-developer-remote-work-ref%23296643-at-bairesdev-4435343190,Fullstack Python Developer - Remote Work | REF#296643,BairesDev,posted,2026-07-07T20:37:52.266454,123
b55cb50b96f4b06d,https://md.linkedin.com/jobs/view/dutch-speaking-customer-support-operator-for-b2b-clients-at-autodoc-4434615386,Dutch speaking Customer Support Operator for B2B clients,,scraped,2026-07-07T20:37:56.900898,
63ae426a46ee1a95,https://md.linkedin.com/jobs/view/qa-javascript-automation-engineer-intern-at-grid-dynamics-4437803916,QA (JavaScript) Automation Engineer Intern,Grid Dynamics,posted,2026-07-07T20:38:17.139515,125
415874a42bbcf078,https://md.linkedin.com/jobs/view/qa-java-automation-engineer-intern-at-grid-dynamics-4437810783,QA (Java) Automation Engineer Intern,Grid Dynamics,posted,2026-07-07T20:38:30.702112,127
c448fa1c1f3fd12f,https://md.linkedin.com/jobs/view/senior-software-engineer-c%2B%2B-remote-work-ref%23289916-at-bairesdev-4420447984,Senior Software Engineer (C++) - Remote Work | REF#289916,BairesDev,posted,2026-07-07T20:38:41.483122,129
cbd5911addd7c981,https://md.linkedin.com/jobs/view/senior-software-engineer-java-remote-work-ref%23293733-at-bairesdev-4426572126,Senior Software Engineer (Java) - Remote Work | REF#293733,BairesDev,posted,2026-07-07T20:38:49.997111,131
f79a8a12b001c7f2,https://md.linkedin.com/jobs/view/sap-hana-developer-remote-work-at-bairesdev-4436816121,SAP Hana Developer - Remote Work,BairesDev,posted,2026-07-08T07:19:00.056165,143
a738e897be83dfbb,https://md.linkedin.com/jobs/view/specialist-facturare-at-veo-worldwide-services-4437816278,Specialist Facturare,,scraped,2026-07-08T07:19:10.730766,
9ee1bcdc309a4b01,https://md.linkedin.com/jobs/view/performance-marketing-lead-native-ads-at-capslock-4434635394,Performance Marketing Lead (Native Ads),,scraped,2026-07-08T07:19:33.911782,
d4747ff744d58663,https://md.linkedin.com/jobs/view/%D0%BC%D0%B0%D1%80%D0%BA%D0%B5%D1%82%D0%B8%D0%BD%D0%B3-at-beauty-factory-4434829091,Маркетинг,Beauty Factory,failed|wp_post_failed,2026-07-08T07:19:41.502254,
0f46bc3390bf6df0,https://md.linkedin.com/jobs/view/director-departament-vanzari-at-berd-s-hotel-chisinau-4432380479,Director Departament Vanzari,,scraped,2026-07-08T07:19:44.220054,
ddf82b29a77ac325,https://md.linkedin.com/jobs/view/ai-infrastructure-co-founder-cso-100-%25-remote-m-f-d-at-ewor-4435474737,AI Infrastructure Co-Founder / CSO (100 % remote) (m/f/d),,scraped,2026-07-08T07:20:14.166040,
1d87007a16a27b2f,https://md.linkedin.com/jobs/view/middle-senior-ml-engineer-at-grid-dynamics-4437798947,Middle/Senior ML Engineer,Grid Dynamics,posted,2026-07-08T07:20:29.661369,145
bffe1f6238d96f58,https://md.linkedin.com/jobs/view/national-individual-consultant-legal-expert-chisinau-moldova-programme-social-policy-section-4-months-remote-work-from-home-at-unicef-chad-4433143937,"National Individual Consultant - Legal expert - Chisinau, Moldova, Programme/Social Policy Section - 4 months (remote/work from home))",Unicef CHAD,posted,2026-07-08T07:20:53.033660,147
869b347a43be557d,https://md.linkedin.com/jobs/view/english-speaking-customer-support-operator-m-f-d-at-autodoc-4435048562,English speaking Customer Support Operator(m/f/d),,scraped,2026-07-08T07:20:55.566460,
6d3d49307c10d6c2,https://md.linkedin.com/jobs/view/lucr%C4%83tor-comercial-comrat-f-m-at-wherewework-jobs-4436568327,Lucrător Comercial Comrat (f/m),wherewework Jobs,posted,2026-07-08T07:21:38.704006,149
ef020b2eacf53080,https://md.linkedin.com/jobs/view/sales-representative-key-account-hrtech-industry-for-moldova-at-wherewework-jobs-4436565397,Sales Representative & Key Account (HRTech industry) for Moldova,wherewework Jobs,posted,2026-07-08T07:22:15.806991,151
72b13ece84d284a3,https://md.linkedin.com/jobs/view/national-program-director-at-children-s-emergency-relief-international-ceri-4436041708,National Program Director,Children's Emergency Relief International (CERI),posted,2026-07-08T07:22:51.902835,153
04f82cfcfa8ef7f5,https://md.linkedin.com/jobs/view/infrastructure-engineer-presale-data-center-virtualization-at-noventiq-moldova-4431595589,Infrastructure Engineer Presale (Data Center & Virtualization),,scraped,2026-07-08T07:22:54.462690,
4e18e39ce6acddab,https://md.linkedin.com/jobs/view/ict-analyst-head-of-ict-unit-open-to-internal-and-external-applicants-at-international-civil-aviation-organization-4438158522,ICT Analyst/ Head of ICT Unit [Open to internal and external applicants],International Civil Aviation Organization,posted,2026-07-08T07:23:32.645399,155
6abcdd2e6bbdb5e0,https://md.linkedin.com/jobs/view/cleaner-g1-roster-call-deadline-extension-at-osce-4434561216,Cleaner (G1) Roster Call (deadline extension),,scraped,2026-07-08T07:23:35.278411,
bb0a92f9534a5d06,https://md.linkedin.com/jobs/view/national-expert-on-green-economy-integration-in-vet-curricula-at-international-civil-aviation-organization-4438147974,National Expert on Green Economy Integration in VET Curricula,,scraped,2026-07-08T07:23:44.992957,
39f979ca8d08df18,https://md.linkedin.com/jobs/view/android-developer-at-jscb-energbank-%E2%80%8B-4434831053,Android Developer,,scraped,2026-07-08T07:23:53.600791,
bc304078d3cf0aa4,https://md.linkedin.com/jobs/view/specialist-rela%C8%9Bii-publice-%C8%99i-comunicare-chi%C8%99in%C4%83u-f-m-perioad%C4%83-determinat%C4%83-at-wherewework-jobs-4436568330,Specialist Relații Publice și Comunicare Chișinău (f/m) - perioadă determinată,wherewework Jobs,posted,2026-07-08T07:24:20.387961,157
2e2e8ce2cb0b90dd,https://md.linkedin.com/jobs/view/rapid-mapping-and-roadmap-development-on-disability-assessment-criteria-consultant-moldova-5-months-moldova-remotely-at-unicef-chad-4433962998,"Rapid Mapping and Roadmap Development on Disability Assessment Criteria Consultant, Moldova,5 months, Moldova, Remotely",Unicef CHAD,posted,2026-07-08T07:24:44.737451,159
202947a544edc4e6,https://md.linkedin.com/jobs/view/recruiter-at-moldindconbank-4434848172,Recruiter,,scraped,2026-07-08T13:20:16.532918,
3b6658e6a41e49e1,https://md.linkedin.com/jobs/view/personal-cur%C4%83%C8%9Benie-b%C4%83l%C8%9Bi-f-m-at-wherewework-jobs-4435086258,Personal Curățenie Bălți (f/m),wherewework Jobs,posted,2026-07-08T13:20:57.047241,161
c41a8558ff364bc0,https://md.linkedin.com/jobs/view/sales-director-at-art-granit-4432768126,Sales Director,,scraped,2026-07-08T13:20:59.684897,
6393bec350f56ac0,https://md.linkedin.com/jobs/view/senior-java-developer-at-r-systems-4386371824,Senior Java Developer,R Systems,posted,2026-07-08T13:21:30.686854,163
54deca4b61c6c03f,https://md.linkedin.com/jobs/view/senior-qa-automation-engineer-at-avantaj-prim-srl-4434850144,Senior QA Automation Engineer,,scraped,2026-07-08T13:21:39.279940,
a270dcc169e95797,https://md.linkedin.com/jobs/view/visual-designer-relocation-to-cyprus-at-fxpro-4438183252,Visual Designer (Relocation to Cyprus),FxPro,posted,2026-07-08T13:22:00.738262,165
468a657769aecfe2,https://md.linkedin.com/jobs/view/ppc-marketing-specialist-vbet-at-vbet-4421939947,PPC Marketing Specialist / VBET,,scraped,2026-07-08T13:22:03.461785,
7a4661a0091d651b,https://md.linkedin.com/jobs/view/senior-ai-engineer-at-ruby-labs-4437461265,Senior AI Engineer,Ruby Labs,posted,2026-07-08T13:22:16.174967,167
4fba1f44f65dd5cb,https://md.linkedin.com/jobs/view/responsable-administratif-et-financier-f-h-at-expertise-france-4408807156,Responsable administratif et financier (F/H),,scraped,2026-07-08T13:22:18.783501,
4255988c42037b53,https://md.linkedin.com/jobs/view/mlops-engineer-model-deployment-monitoring-at-wherewework-jobs-4437035681,"MLOps Engineer, Model Deployment & Monitoring",wherewework Jobs,posted,2026-07-08T13:22:36.456728,169
08f5529b4ef19b15,https://md.linkedin.com/jobs/view/ios-developer-at-coherent-solutions-4434821915,iOS Developer,Coherent Solutions,posted,2026-07-08T13:22:44.938025,171
5eb8f3093a14aef3,https://md.linkedin.com/jobs/view/senior-ios-developer-swiftui-at-wherewework-jobs-4437027931,Senior iOS Developer (SwiftUI),wherewework Jobs,posted,2026-07-08T13:23:04.227983,173
0b2615c1b3afc061,https://md.linkedin.com/jobs/view/senior-front-end-engineer-react-at-software-mind-4438192749,Senior Front-End Engineer (React),,scraped,2026-07-08T13:23:08.882222,
26aeaa9ddd62351c,https://md.linkedin.com/jobs/view/dwp-professional-services-engineer-at-stefanini-emea-4429270202,DWP Professional Services Engineer,Stefanini EMEA,posted,2026-07-08T13:23:28.222743,175
d950b3d2ccdd7608,https://md.linkedin.com/jobs/view/devops-engineer-observability-stack-prometheus-grafana-at-wherewework-jobs-4437042420,"DevOps Engineer, Observability Stack (Prometheus/Grafana)",wherewework Jobs,posted,2026-07-08T13:23:41.984000,177
cf2345a85e5585ed,https://md.linkedin.com/jobs/view/specialist-%C3%AEn-securitate-informa%C8%9Bional%C4%83-at-microinvest-4434833228,Specialist în Securitate Informațională,,scraped,2026-07-08T13:23:44.594708,
96cae04785047dc6,https://md.linkedin.com/jobs/view/scp-14-00-465-pn-casier-%C4%83-superior-oar%C4%83-grupul-procesarea-numerarului-at-national-bank-of-moldova-4438254737,"SCP-14-00-465-PN - Casier(ă) Superior(oară), Grupul procesarea numerarului",,scraped,2026-07-08T18:57:47.608998,
896021912b774dc9,https://md.linkedin.com/jobs/view/senior-survey-methodology-expert-at-ntu-international-a-s-4437820502,Senior Survey Methodology Expert,,scraped,2026-07-08T18:58:07.199843,
2023c8095c05858b,https://md.linkedin.com/jobs/view/senior-analyst-associate-manager-marketing-strategy-bangkok-based-relocation-provided-at-agoda-4410548328,"Senior Analyst/ Associate Manager, Marketing Strategy (Bangkok based/ Relocation provided)",Agoda,posted,2026-07-08T18:59:12.532184,179
65404d87f9c129dc,https://md.linkedin.com/jobs/view/associate-manager-marketing-strategy-bangkok-based-relocation-provided-at-agoda-4410540694,"Associate Manager, Marketing Strategy (Bangkok Based, relocation provided)",Agoda,posted,2026-07-08T18:59:25.199592,181
52b9d1019f6e52c5,https://md.linkedin.com/jobs/view/senior-java-engineer-remote-work-ref%23297066-at-bairesdev-4438266323,Senior Java Engineer - Remote Work | REF#297066,BairesDev,posted,2026-07-08T18:59:43.335760,183
dbb61eefbd7497f7,https://md.linkedin.com/jobs/view/senior-agricultural-insurance-and-rural-finance-expert-at-ntu-international-a-s-4436314333,Senior Agricultural Insurance and Rural Finance Expert,,scraped,2026-07-08T18:59:47.890767,
1ffbbd5da4ba1de2,https://md.linkedin.com/jobs/view/ai-video-creator-at-the-flex-4436781346,AI Video Creator,,scraped,2026-07-08T18:59:57.309952,
1bda9bb103240ee2,https://md.linkedin.com/jobs/view/senior-data-analyst-m-f-d-at-autodoc-4434678819,Senior Data Analyst (m/f/d),,scraped,2026-07-08T19:00:05.519736,
0c822e8dd7558b6b,https://md.linkedin.com/jobs/view/senior-devops-engineer-aws-at-grid-dynamics-4436359503,Senior DevOps Engineer (AWS),Grid Dynamics,posted,2026-07-08T19:00:32.035563,185
51800ec8ae40ffb1,https://md.linkedin.com/jobs/view/devops-engineer-intern-at-grid-dynamics-4437809716,DevOps Engineer Intern,Grid Dynamics,posted,2026-07-08T19:00:44.681519,187
1c5b98a95ac8bcf5,https://md.linkedin.com/jobs/view/angular-developer-diagnostic-solutions-at-coherent-solutions-4434829900,Angular Developer (Diagnostic Solutions),Coherent Solutions,posted,2026-07-08T19:00:57.060021,189
2589ceb078c89627,https://md.linkedin.com/jobs/view/senior-software-engineer-net-%2B-aws-at-software-mind-4438193654,Senior Software Engineer (.NET + AWS),,scraped,2026-07-08T19:00:59.757683,
28172e37f311050b,https://md.linkedin.com/jobs/view/assurance-experienced-process-associate-competency-centre-pwc-moldova-at-pwc-central-and-eastern-europe-4435413586,"Assurance Experienced Process Associate, Competency Centre PwC Moldova",PwC Central and Eastern Europe,posted,2026-07-08T19:01:16.579845,191
51a6838b164d0666,https://md.linkedin.com/jobs/view/ai-devops-at-xebia-4436494983,AI DevOps,Xebia,posted,2026-07-08T19:01:25.295251,193
fdc7a68b0779bd2e,https://md.linkedin.com/jobs/view/coordonator-de-echip%C4%83-cu-limba-franceza-at-wherewework-jobs-4435069969,Coordonator de Echipă ( cu limba franceza),wherewework Jobs,posted,2026-07-08T23:45:28.555619,195
f4b891abee780293,https://md.linkedin.com/jobs/view/billing-data-analyst-at-ruby-labs-4437881055,Billing Data Analyst,Ruby Labs,posted,2026-07-08T23:45:51.157527,197
5c3cfc35ba6c6e96,https://md.linkedin.com/jobs/view/team-leader-contabilitate-at-wherewework-jobs-4437032738,Team leader contabilitate,wherewework Jobs,posted,2026-07-08T23:46:28.061655,199
45e9436e4aea76d9,https://md.linkedin.com/jobs/view/lead-billing-data-analyst-billing-payments-subscription-analytics-at-ruby-labs-4437861854,"Lead Billing Data Analyst | Billing, Payments & Subscription Analytics",Ruby Labs,posted,2026-07-08T23:46:38.730983,201
e58aba8f720c94f2,https://md.linkedin.com/jobs/view/api-developer-restful-graphql-at-wherewework-jobs-4437047288,"API Developer, RESTful & GraphQL",wherewework Jobs,posted,2026-07-08T23:47:14.706072,203
9e43e5e2d77b6d1e,https://md.linkedin.com/jobs/view/lead-software-engineer-cloud-native-applications-at-wherewework-jobs-4437029919,Lead Software Engineer (Cloud-Native Applications),wherewework Jobs,posted,2026-07-08T23:47:28.740558,205
d3bb992254d64a36,https://md.linkedin.com/jobs/view/specialist-%C4%83-recuperare-crean%C8%9Be-at-bt-leasing-md-4434826479,Specialist/ă Recuperare Creanțe,BT Leasing MD,posted,2026-07-08T23:47:42.290023,207
abf847780754d88d,https://md.linkedin.com/jobs/view/enterprise-data-architecture-analyst-short-term-at-international-civil-aviation-organization-4438150792,"Enterprise Data Architecture Analyst, Short-Term",International Civil Aviation Organization,posted,2026-07-08T23:48:13.818112,209
4397733c889543f4,https://md.linkedin.com/jobs/view/senior-software-engineer-scala-big-data-at-wherewework-jobs-4437050140,"Senior Software Engineer, Scala (Big Data)",wherewework Jobs,posted,2026-07-08T23:48:30.741428,211
e275b04076609217,https://md.linkedin.com/jobs/view/rapid-mapping-and-roadmap-development-on-disability-assessment-criteria-consultant-moldova-5-months-moldova-remotely-at-unicef-4437172303,"Rapid Mapping and Roadmap Development on Disability Assessment Criteria Consultant, Moldova,5 months, Moldova, Remotely",UNICEF,posted,2026-07-08T23:48:42.424044,213
c6b5ff40ecbf1c46,https://md.linkedin.com/jobs/view/%D0%B4%D0%B8%D1%81%D0%BF%D0%B5%D1%82%D1%87%D0%B5%D1%80-at-international-delivery-services-4438604051,Диспетчер,,scraped,2026-07-09T11:25:22.293531,
892b57a53de0b585,https://md.linkedin.com/jobs/view/seo-specialist-%E2%80%93-igaming-full-remote-at-elearning-actual-4438620207,SEO Specialist – iGaming (Full Remote),,scraped,2026-07-09T11:25:57.249023,
c49c8aa4114ca9dc,https://md.linkedin.com/jobs/view/css-jr-monitoring-analyst-at-stefanini-emea-4437379925,CSS JR Monitoring Analyst,Stefanini EMEA,posted,2026-07-09T11:26:26.496109,215
0c1a506d74d89be6,https://md.linkedin.com/jobs/view/head-of-engineering-business-systems-at-endava-4428709453,Head of Engineering | Business Systems,,scraped,2026-07-09T11:26:29.108074,
db2988d1b9bdd8f3,https://md.linkedin.com/jobs/view/edtech-co-founder-cfo-100-%25-remote-m-f-d-at-ewor-4435466981,EdTech Co-Founder / CFO (100 % remote) (m/f/d),,scraped,2026-07-09T11:26:36.550680,
be04f61b561c6c02,https://md.linkedin.com/jobs/view/programme-associate-g-6-ft-%23118375-moldova-chisinau-open-for-moldova-nationals-and-residents-only-at-unicef-4438202355,"Programme Associate (G-6), FT, #118375, Moldova, Chisinau - Open for Moldova nationals and residents only",UNICEF,posted,2026-07-09T11:26:50.558100,217
b36b1846c47a5019,https://md.linkedin.com/jobs/view/data-engineer-vector-databases-embeddings-at-wherewework-jobs-4437040565,"Data Engineer, Vector Databases & Embeddings",wherewework Jobs,posted,2026-07-09T11:27:18.997789,219
75f542bf07c6cf65,https://md.linkedin.com/jobs/view/senior-java-software-engineer-at-isd-4437398049,Senior Java Software Engineer,,scraped,2026-07-09T11:27:25.627580,
b9a446317fa72b19,https://md.linkedin.com/jobs/view/marketing-manager-maternity-cover-dtc-e-commerce-100%25-remote-eu-at-foxelli-group-4438590716,Marketing Manager  (maternity cover)| DTC E-commerce | 100% Remote EU,,scraped,2026-07-09T11:27:32.178356,
f15c61940c04cb8a,https://md.linkedin.com/jobs/view/specialist-delivery-complaints-at-autodoc-4437067473,Specialist Delivery Complaints,,scraped,2026-07-09T11:28:00.304460,
3f1193dc50e69479,https://md.linkedin.com/jobs/view/release-engineer-automated-deployment-pipelines-at-wherewework-jobs-4437044437,"Release Engineer, Automated Deployment Pipelines",wherewework Jobs,posted,2026-07-09T11:28:18.532112,221
8fc11db444708a38,https://md.linkedin.com/jobs/view/devops-engineer-api-gateway-rate-limiting-at-wherewework-jobs-4437046315,"DevOps Engineer, API Gateway & Rate Limiting",wherewework Jobs,posted,2026-07-09T11:28:34.668624,223
f37d036639fa73a0,https://md.linkedin.com/jobs/view/social-media-manager-at-mercedes-benz-moldova-4435659363,Social Media Manager,,scraped,2026-07-09T18:28:07.116627,
5348240325f9d2fc,https://md.linkedin.com/jobs/view/developer-front-end-at-wherewework-jobs-4436569265,Developer Front-End,wherewework Jobs,posted,2026-07-09T18:29:05.364520,225
6ec170e2c5b56345,https://md.linkedin.com/jobs/view/native-german-customer-support-consultant-remote-at-supportyourapp-4437155807,(native German) Customer Support Consultant (remote),SupportYourApp,posted,2026-07-09T18:29:18.983640,227
8314747fb8ba8b2d,https://md.linkedin.com/jobs/view/retail-safety-health-officer-at-wherewework-jobs-4437511583,Retail Safety & Health Officer,wherewework Jobs,posted,2026-07-09T18:29:31.012954,229
272d9e471c280fac,https://md.linkedin.com/jobs/view/project-associate-open-to-internal-and-external-applicants-at-international-civil-aviation-organization-4438159506,Project Associate [Open to internal and external applicants],International Civil Aviation Organization,posted,2026-07-09T18:29:39.161861,97
7a90e331a54c2fac,https://md.linkedin.com/jobs/view/consulting-engagement-manager-at-wherewework-jobs-4437505730,Consulting Engagement Manager,wherewework Jobs,posted,2026-07-09T18:29:57.112059,231
cd008ecdab9b6d8f,https://md.linkedin.com/jobs/view/data-scientist-marketing-mix-modeling-mmm-at-wherewework-jobs-4437507637,"Data Scientist, Marketing Mix Modeling (MMM)",wherewework Jobs,posted,2026-07-09T18:30:17.799594,233
a5781e41de45d26a,https://md.linkedin.com/jobs/view/economist-principal-responsabil-de-reglementarea-pruden%C8%9Bial%C4%83-a-entit%C4%83%C8%9Bilor-din-sectorul-asigur%C4%83rilor-reasigur%C4%83rilor-at-national-bank-of-moldova-4438254736,"Economist principal, responsabil de reglementarea prudențială a entităților din sectorul asigurărilor/reasigurărilor",,scraped,2026-07-09T18:30:20.460623,
b83272c9636a72dc,https://md.linkedin.com/jobs/view/managed-services-delivery-manager-at-wherewework-jobs-4437512546,Managed Services Delivery Manager,wherewework Jobs,posted,2026-07-09T18:30:42.739616,235
09141f986902e472,https://md.linkedin.com/jobs/view/machine-learning-engineer-nlp-large-language-models-at-wherewework-jobs-4437505731,"Machine Learning Engineer, NLP & Large Language Models",wherewework Jobs,posted,2026-07-09T18:31:11.895737,237
26f36218ae04c32d,https://md.linkedin.com/jobs/view/asistent-pentru-gestiunea-digitala-a-stocurilor-m%C4%83rfurilor-cu-franceza-at-wherewework-jobs-4437504741,Asistent pentru Gestiunea Digitala a Stocurilor & Mărfurilor( cu franceza),wherewework Jobs,posted,2026-07-09T18:31:31.245920,239
0c4a43a5247f00d2,https://md.linkedin.com/jobs/view/operational-risk-consultant-at-wherewework-jobs-4437524076,Operational Risk Consultant,wherewework Jobs,posted,2026-07-09T18:31:51.990162,241
305ef614b0991811,https://md.linkedin.com/jobs/view/senior-google-uam-at-ruby-labs-4438651578,Senior Google UAM,Ruby Labs,posted,2026-07-09T18:32:02.735101,243
d832a0cc50ce3b95,https://md.linkedin.com/jobs/view/net-developer-middle-at-maib-4435673516,.NET Developer (Middle),,scraped,2026-07-09T18:32:05.430287,
d173800b6c7e4219,https://md.linkedin.com/jobs/view/software-engineer-green-software-engineering-at-wherewework-jobs-4437502813,"Software Engineer, Green Software Engineering",wherewework Jobs,posted,2026-07-09T18:32:27.713812,245
ae2f1035918193d4,https://md.linkedin.com/jobs/view/cloud-network-engineer-at-paymentology-4437814065,Cloud Network Engineer,,scraped,2026-07-09T18:32:38.332879,
e71d656f98f5ee86,https://md.linkedin.com/jobs/view/business-valuation-manager-at-wherewework-jobs-4437504745,Business Valuation Manager,wherewework Jobs,posted,2026-07-09T18:33:03.595348,247
7b7cf61291bc094c,https://md.linkedin.com/jobs/view/salesforce-administrator-at-feel-it-services-4435680898,Salesforce Administrator,,scraped,2026-07-09T18:33:06.248857,
1e3ba2168e36f613,https://md.linkedin.com/jobs/view/software-engineer-mobile-ios-swift-at-wherewework-jobs-4437036704,"Software Engineer, Mobile (iOS/Swift)",wherewework Jobs,posted,2026-07-09T18:33:27.583804,249
5a1112bcdcdc482b,https://md.linkedin.com/jobs/view/software-engineer-video-streaming-encoding-at-wherewework-jobs-4437047289,"Software Engineer, Video Streaming & Encoding",wherewework Jobs,posted,2026-07-09T18:33:49.462330,251
dcae5ce7b0e628bd,https://md.linkedin.com/jobs/view/%F0%9F%9A%80-quantellis-caut%C4%83-b2b-sales-partners-business-development-partners-at-quantellis-4438504420,🚀 Quantellis caută B2B Sales Partners / Business Development Partners,Quantellis,posted,2026-07-09T18:34:07.935737,253
1cc27fe8a3a29dbb,https://md.linkedin.com/jobs/view/cardiology-patient-navigator-at-seamless-assist-4437713751,Cardiology Patient Navigator,Seamless Assist,posted,2026-07-09T18:34:18.796776,255
10495fd9f189ce1b,https://md.linkedin.com/jobs/view/platform-engineer-ephemeral-environments-at-wherewework-jobs-4437510541,Platform Engineer (Ephemeral Environments),wherewework Jobs,posted,2026-07-09T18:34:33.999565,257
c9348088aab6466a,https://md.linkedin.com/jobs/view/devops-engineer-infrastructure-as-code-terraform-at-wherewework-jobs-4437522275,"DevOps Engineer, Infrastructure as Code (Terraform)",wherewework Jobs,posted,2026-07-09T18:34:54.236028,259
b396dcc0ca476c5d,https://md.linkedin.com/jobs/view/data-engineer-at-cavendish-professionals-4434808992,Data Engineer,,scraped,2026-07-09T18:34:58.928476,
f32890a0d7e64188,https://md.linkedin.com/jobs/view/senior-software-engineer-saas-platform-at-wherewework-jobs-4437519338,Senior Software Engineer (SaaS Platform),wherewework Jobs,posted,2026-07-09T18:35:24.271727,261
304958919c2c151f,https://md.linkedin.com/jobs/view/cloud-security-engineer-zero-trust-architecture-at-wherewework-jobs-4437517385,"Cloud Security Engineer, Zero Trust Architecture",wherewework Jobs,posted,2026-07-09T18:35:43.034504,263
d1bebea3c2d5eaf4,https://md.linkedin.com/jobs/view/devops-engineer-mobile-ci-cd-fastlane-bitrise-at-wherewework-jobs-4437517383,"DevOps Engineer, Mobile CI/CD (Fastlane/Bitrise)",wherewework Jobs,posted,2026-07-09T18:36:17.351699,265
ef48915a47a1acaf,https://md.linkedin.com/jobs/view/maintenanace-specialist-at-operations-center-moldova-4435682837,Maintenanace Specialist,,scraped,2026-07-09T23:54:53.181182,
7f2495fdce43408c,https://md.linkedin.com/jobs/view/valuation-manager-at-wherewework-jobs-4437521277,Valuation Manager,wherewework Jobs,posted,2026-07-09T23:55:12.273359,267
006b5f7900bd19b5,https://md.linkedin.com/jobs/view/real-estate-executive-assistant-at-seamless-assist-4437562226,Real Estate Executive Assistant.,Seamless Assist,posted,2026-07-09T23:55:45.045308,269
6b1ec093cc2c4707,https://md.linkedin.com/jobs/view/manager-v%C3%A2nz%C4%83ri-b2b-fintech-solu%C8%9Bii-de-plat%C4%83-at-qiwi-moldova-4435648119,Manager Vânzări B2B (FinTech / Soluții de Plată),,scraped,2026-07-09T23:56:15.637539,
97c29be51117fb0c,https://md.linkedin.com/jobs/view/expert-principal-pe-durat%C4%83-determinat%C4%83-%C3%AEn-domeniul-cooper%C4%83rii-tehnice-externe-at-national-bank-of-moldova-4438679189,"Expert Principal, pe durată determinată, în domeniul cooperării tehnice externe",,scraped,2026-07-09T23:56:34.406634,
9dabbba11959837d,https://md.linkedin.com/jobs/view/hci-ai-automation-technical-architect-at-stefanini-emea-4418290112,HCI AI & Automation Technical Architect,Stefanini EMEA,posted,2026-07-09T23:56:55.947056,271
8ab5a5aafac8c8d7,https://md.linkedin.com/jobs/view/senior-node-js-engineer-at-stefanini-emea-4419026671,Senior Node.js Engineer,Stefanini EMEA,posted,2026-07-09T23:57:14.991890,273
d7416ebc16103c6f,https://md.linkedin.com/jobs/view/principal-java-developer-moldova-java-react-aws-at-amdaris-4438659251,"Principal Java Developer Moldova (Java, React, AWS)",,scraped,2026-07-09T23:57:31.585505,
3b2262bca8107649,https://md.linkedin.com/jobs/view/cloud-security-analyst-at-cloudbeds-4438199496,Cloud Security Analyst,Cloudbeds,posted,2026-07-09T23:57:51.793743,275
c7e3662ec4b4afaf,https://md.linkedin.com/jobs/view/asistent-administrativ-francofon-at-wherewework-jobs-4437510542,Asistent Administrativ Francofon,wherewework Jobs,posted,2026-07-10T11:24:32.154346,277
3dcfb43939709c18,https://md.linkedin.com/jobs/view/research-fellow-junior-jrfp-code-eu-2026-v833-at-european-institute-of-policy-research-and-human-rights-aisbl-4437055594,Research Fellow-Junior(JRFP) (Code: EU-2026-V833),,scraped,2026-07-10T11:24:38.791805,
257c3da3c86ad962,https://md.linkedin.com/jobs/view/net-developer-at-fusionworks-4434515827,.Net developer,,scraped,2026-07-10T11:24:47.799631,
c5ac01a2edea51da,https://md.linkedin.com/jobs/view/native-german-customer-support-consultant-remote-at-supportyourapp-4437167298,(native German) Customer Support Consultant (remote),SupportYourApp,posted,2026-07-10T11:24:57.372950,227
65141f8927179b77,https://md.linkedin.com/jobs/view/manager-v%C3%A2nz%C4%83ri-horeca-at-bemol-4434823657,Manager Vânzări (HoReCa),,scraped,2026-07-10T11:25:09.941389,
8e96881ab53dd893,https://md.linkedin.com/jobs/view/kotlin-at-fusionworks-4434533041,Kotlin,,scraped,2026-07-10T11:25:18.378896,
71d2319154d6472b,https://md.linkedin.com/jobs/view/sales-executive-open-banking-at-salt-edge-4435657399,Sales Executive Open Banking,Salt Edge,posted,2026-07-10T11:25:34.401307,279
ef09cf7fb19ea09f,https://md.linkedin.com/jobs/view/asistent-%C4%83-medical-%C4%83-sala-de-prelev%C4%83ri-at-invitro-diagnostics-4437996281,Asistent/ă medical/ă (sala de prelevări),,scraped,2026-07-10T11:25:41.000978,
d374392f009accfa,https://md.linkedin.com/jobs/view/b2b-sales-manager-digital-advertising-at-simpals-4434838799,B2B Sales Manager | Digital Advertising,Simpals,posted,2026-07-10T11:25:58.954257,281
8dedb17da98147f6,https://md.linkedin.com/jobs/view/programme-associate-g-6-ft-%23118375-moldova-chisinau-open-for-moldova-nationals-and-residents-only-at-unicef-chad-4435690793,"Programme Associate (G-6), FT, #118375, Moldova, Chisinau - Open for Moldova nationals and residents only",Unicef CHAD,posted,2026-07-10T11:26:11.271025,283
2838b0b0be71b255,https://md.linkedin.com/jobs/view/%D0%BC%D0%B5%D0%BD%D0%B5%D0%B4%D0%B6%D0%B5%D1%80-%D0%BF%D0%BE-%D0%BF%D1%80%D0%BE%D0%B4%D0%B0%D0%B6%D0%B0%D0%BC-4435951237,Менеджер по продажам,Esperanza SRL,failed|wp_post_failed,2026-07-10T11:26:14.714435,
a20efd96d37035ae,https://md.linkedin.com/jobs/view/executive-assistant-at-bizz-assist-agency-4437466730,Executive Assistant,,scraped,2026-07-10T11:26:17.339584,
282cddb60b56591a,https://md.linkedin.com/jobs/view/senior-cro-manager-at-ruby-labs-4438189130,Senior CRO Manager,Ruby Labs,posted,2026-07-10T11:26:37.763605,285
4f34949b9fa80558,https://md.linkedin.com/jobs/view/expert-principal-%C3%AEn-domeniul-gestion%C4%83rii-rela%C8%9Biilor-bilaterale-at-national-bank-of-moldova-4438663711,Expert principal în domeniul gestionării relațiilor bilaterale,,scraped,2026-07-10T11:26:40.394408,
45bb9897b9839010,https://md.linkedin.com/jobs/view/customs-trade-tax-advisor-at-wherewework-jobs-4437504744,Customs & Trade Tax Advisor,wherewework Jobs,posted,2026-07-10T11:27:02.652645,287
d7e94b966ff6b384,https://md.linkedin.com/jobs/view/workforce-management-analyst-bpo-at-wherewework-jobs-4437522277,"Workforce Management Analyst, BPO",wherewework Jobs,posted,2026-07-10T11:27:30.665632,289
ed5d00feeca626f3,https://md.linkedin.com/jobs/view/registrator-oare-medical-%C4%83-at-invitro-diagnostics-4437993374,Registrator/oare medical/ă,,scraped,2026-07-10T11:27:37.303811,
8da0d32473acb968,https://md.linkedin.com/jobs/view/product-manager-at-freedx-4439057430,Product Manager,,scraped,2026-07-10T18:09:14.145883,
7485d4ae4203f0f0,https://md.linkedin.com/jobs/view/ux-ui-designer%0Achisinau-at-agencja-interaktywna-kadeor-4436081710,"UX/UI Designer
Chisinau",Agencja Interaktywna KADEOR,posted,2026-07-10T18:09:30.003986,291
ee4debcd938bef71,https://md.linkedin.com/jobs/view/entrepreneur-in-residence-eir-at-the-flex-4436945373,Entrepreneur in Residence (EIR),,scraped,2026-07-10T18:09:46.891886,
b6fe1028b8cedf60,https://md.linkedin.com/jobs/view/talent-acquisition-manager-u-s-trucking-industry-%E2%80%93-remote-at-smarten-transport-inc-4437538911,Talent Acquisition Manager (U.S. Trucking Industry) – Remote,SMARTEN TRANSPORT INC,posted,2026-07-10T18:09:59.589267,293
646eb1fa68c2217c,https://md.linkedin.com/jobs/view/sales-account-manager-at-label-your-data-4439046975,Sales Account Manager,Label Your Data,posted,2026-07-10T18:10:28.632780,295
8e52c0d5e183d98c,https://md.linkedin.com/jobs/view/front-end-web-delepover%0Achisinau-at-agencja-interaktywna-kadeor-4436085690,"Front-End Web Delepover
Chisinau",Agencja Interaktywna KADEOR,posted,2026-07-10T18:10:44.148615,297
ad7f7bde48c2e134,https://md.linkedin.com/jobs/view/senior-site-reliability-engineer-at-alvys-4418828580,Senior Site Reliability Engineer,Alvys,posted,2026-07-10T18:10:53.420159,299
39befb61ee42b7f6,https://md.linkedin.com/jobs/view/java-backend-engineer-at-r-systems-4438260811,Java Backend Engineer,R Systems,posted,2026-07-10T18:11:11.323085,301
0f14876264e90c17,https://md.linkedin.com/jobs/view/associate-manager-customer-marketing-bangkok-based-relocation-provided-at-agoda-4410540505,"Associate Manager, Customer Marketing (Bangkok Based, Relocation Provided)",Agoda,posted,2026-07-10T18:11:28.605154,303
7e47d061fd42129b,https://md.linkedin.com/jobs/view/senior-software-engineer-at-herensys-4435699428,Senior Software Engineer,,scraped,2026-07-10T18:11:31.255768,
6fdf9279a83b11db,https://md.linkedin.com/jobs/view/full-stack-developer-node-js-%2B-vue-js-at-wherewework-jobs-4437998413,Full Stack Developer (Node.js + Vue.js),wherewework Jobs,posted,2026-07-10T18:11:57.897065,305
386e560f3f6b4a78,https://md.linkedin.com/jobs/view/english-speaking-customer-support-operator-m-f-d-at-autodoc-4437986281,English speaking Customer Support Operator(m/f/d),,scraped,2026-07-10T23:33:54.948634,
06b3e6bdad074296,https://md.linkedin.com/jobs/view/security-operations-center-soc-analyst-l2-at-wherewework-jobs-4437037606,Security Operations Center (SOC) Analyst (L2),wherewework Jobs,posted,2026-07-10T23:34:23.004519,307
7330cc949df22720,https://md.linkedin.com/jobs/view/machine-learning-engineer-anomaly-detection-at-wherewework-jobs-4437519340,Machine Learning Engineer (Anomaly Detection),wherewework Jobs,posted,2026-07-10T23:34:34.874067,309
8c109f98a21a367b,https://md.linkedin.com/jobs/view/model-validation-specialist-at-wherewework-jobs-4437986763,Model Validation Specialist,wherewework Jobs,posted,2026-07-10T23:35:17.573763,311
9f48ae64ca14a91b,https://md.linkedin.com/jobs/view/cabin-crew-recruitment-day-chisinau-17-july-2026-at-wizz-air-4427891118,Cabin Crew Recruitment Day - Chisinau - 17 July 2026,,scraped,2026-07-10T23:35:32.201308,
ff3f5e7f7e608bc1,https://md.linkedin.com/jobs/view/account-manager-turkish-speaker-at-scrambly-4435689840,Account Manager - Turkish speaker,,scraped,2026-07-11T07:23:32.914971,
44b5cb79b92ea283,https://md.linkedin.com/jobs/view/marketplace-manager-amazon-skroutz-ebay-at-wherewework-jobs-4437501940,Marketplace Manager (Amazon/Skroutz/eBay),wherewework Jobs,posted,2026-07-11T07:23:56.381727,313
b7962a75746cc6e7,https://md.linkedin.com/jobs/view/biolog-%C4%83-dep-clinic%C4%83-general%C4%83-at-invitro-diagnostics-4437977868,Biolog/ă (dep. clinică generală),,scraped,2026-07-11T07:24:09.041198,
5bf9a6c7315f3d3c,https://md.linkedin.com/jobs/view/secretara-sucursala-chisinau-at-fincombank-sa-4439067546,"Secretara, Sucursala Chisinau",,scraped,2026-07-11T07:24:33.011890,
8b8aa81382c5947c,https://md.linkedin.com/jobs/view/data-engineer-saas-metrics-revenue-analytics-at-wherewework-jobs-4437512548,"Data Engineer, SaaS Metrics & Revenue Analytics",wherewework Jobs,posted,2026-07-11T07:25:18.296440,315
38d5a6355c1a7346,https://md.linkedin.com/jobs/view/junior-audit-consultant-chisinau-at-ey-4390147906,Junior Audit Consultant | Chisinau,EY,posted,2026-07-11T07:26:00.800132,317
257df972a45ae5a5,https://md.linkedin.com/jobs/view/marketing-manager-maternity-cover-dtc-e-commerce-100%25-remote-eu-at-foxelli-group-4438608009,Marketing Manager  (maternity cover)| DTC E-commerce | 100% Remote EU,,scraped,2026-07-11T11:34:28.413565,
43dc3c1506a50680,https://md.linkedin.com/jobs/view/full-stack-php-laravel-developer-at-wherewework-jobs-4436035433,Full Stack PHP (Laravel) Developer,wherewework Jobs,posted,2026-07-11T11:34:55.322725,319
7aa6d0cb395a47bf,https://md.linkedin.com/jobs/view/machine-learning-engineer-federated-learning-at-wherewework-jobs-4437044435,Machine Learning Engineer (Federated Learning),wherewework Jobs,posted,2026-07-11T11:35:13.406445,321
0758ac663ba0857a,https://md.linkedin.com/jobs/view/edtech-co-founder-head-of-growth-100-%25-remote-m-f-d-at-ewor-4438352348,EdTech Co-Founder / Head of Growth (100 % remote) (m/f/d),,scraped,2026-07-11T11:35:20.089858,
0a231a2f9e64f69e,https://md.linkedin.com/jobs/view/internship-python-cloud-developer-at-stefanini-emea-4437994355,Internship: Python & Cloud Developer,Stefanini EMEA,posted,2026-07-11T11:35:40.451977,323
addc96bff88adbf8,https://md.linkedin.com/jobs/view/senior-data-analyst-marketing-analytics-at-wherewework-jobs-4437040558,Senior Data Analyst (Marketing Analytics),wherewework Jobs,posted,2026-07-11T11:36:06.852602,325
7eac758de324378e,https://md.linkedin.com/jobs/view/procurement-service-expert-to-be-embedded-in-the-agency-for-geodesy-cartography-and-cadastre-agcc-of-moldova-at-eubam-libya-4439070285,"Procurement Service Expert to be embedded in the Agency for Geodesy, Cartography and Cadastre (AGCC) of Moldova",,scraped,2026-07-11T11:36:13.436817,
79eefd106e3ca328,https://md.linkedin.com/jobs/view/deputy-store-manager-at-wherewework-jobs-4438936012,Deputy Store Manager,wherewework Jobs,posted,2026-07-11T11:36:49.164475,327
1bb0ebee3763a7b5,https://md.linkedin.com/jobs/view/dwp-delivery-manager-at-stefanini-emea-4429358445,DWP Delivery Manager,Stefanini EMEA,posted,2026-07-11T11:37:23.124421,329
6a28b79a19d6e05f,https://md.linkedin.com/jobs/view/analyst-senior-analyst-b2b-digital-marketing-bangkok-based-relocation-provided-at-agoda-4420291375,"Analyst/Senior Analyst, B2B Digital Marketing (Bangkok Based, relocation provided)",Agoda,posted,2026-07-11T11:37:48.734088,331
7bd86bb2e304c2ac,https://md.linkedin.com/jobs/view/technical-support-analyst-hybrid-chi%C8%99in%C4%83u-md-at-parking-network-b-v-4439307514,"Technical Support Analyst (Hybrid, Chișinău, MD)",,scraped,2026-07-11T15:41:34.317709,
66ed4ef57df247a9,https://md.linkedin.com/jobs/view/ai-infrastructure-co-founder-cso-100-%25-remote-m-f-d-at-ewor-4438351536,AI Infrastructure Co-Founder / CSO (100 % remote) (m/f/d),,scraped,2026-07-12T07:52:41.765365,
3cc1c5c0c0125803,https://md.linkedin.com/jobs/view/cloud-infrastructure-engineer-aws-at-wherewework-jobs-4438300198,Cloud Infrastructure Engineer (AWS),wherewework Jobs,posted,2026-07-12T11:46:49.446583,333
c463cae2e3581d8f,https://md.linkedin.com/jobs/view/product-manager-growth-marketing-products-cex-at-freedx-4439079363,Product Manager - Growth & Marketing Products / CEX,,scraped,2026-07-12T15:39:40.761878,
9ddfd94f8937934b,https://md.linkedin.com/jobs/view/part-time-influencer-manager-at-all-night-social-4418787868,Part Time Influencer Manager,ALL NIGHT SOCIAL,posted,2026-07-12T15:40:19.785173,335
eb6ce8824fefcccb,https://md.linkedin.com/jobs/view/machine-learning-engineer-graph-neural-networks-at-wherewework-jobs-4437041473,"Machine Learning Engineer, Graph Neural Networks",wherewework Jobs,posted,2026-07-12T19:59:39.815686,337
d0f279e6ee34d0a5,https://md.linkedin.com/jobs/view/%D0%BC%D0%B5%D0%BD%D0%B5%D0%B4%D0%B6%D0%B5%D1%80-%D0%BF%D0%BE-%D1%80%D0%B0%D0%B1%D0%BE%D1%82%D0%B5-%D1%81-%D0%BA%D0%BB%D0%B8%D0%B5%D0%BD%D1%82%D0%B0%D0%BC%D0%B8-at-flexlabel-srl-4436668574,Менеджер по работе с клиентами,,scraped,2026-07-12T19:59:42.475470,
779536d5dd6f45e8,https://md.linkedin.com/jobs/view/full-stack-engineer-middle-senior-python-%2B-react-al-platform-for-legal-operations-at-centraldev-4437219127,Full Stack Engineer (Middle&Senior) (Python + React) - Al Platform for Legal Operations,,scraped,2026-07-12T19:59:54.216459,
496362ff6e03aa87,https://md.linkedin.com/jobs/view/devops-engineer-mlops-pipeline-automation-at-wherewework-jobs-4437503764,"DevOps Engineer, MLOps Pipeline Automation",wherewework Jobs,posted,2026-07-12T20:00:54.277456,339
0d04f3aa85ca7907,https://md.linkedin.com/jobs/view/senior-software-engineer-open-source-contributor-at-wherewework-jobs-4437049225,"Senior Software Engineer, Open Source Contributor",wherewework Jobs,posted,2026-07-12T20:01:11.369620,341
81166a74be04dea2,https://md.linkedin.com/jobs/view/mid-sen-affiliate-manager-nutra-for-internal-affpal-project-at-affjobs-4439756591,"Mid/Sen Affiliate Manager Nutra, for internal Affpal Project",Affjobs,posted,2026-07-12T22:34:58.733425,343
64428723c866b92d,https://md.linkedin.com/jobs/view/pin-wang-at-department-of-history-and-art-history-at-george-mason-university-4438996201,Pin Wang,Department of History and Art History at George Mason University,posted,2026-07-13T11:43:55.378540,345
05c7481358cb2274,https://md.linkedin.com/jobs/view/manager-contact-center-team-lead-at-farmacia-familiei-4435945525,Manager Contact center (Team Lead),,scraped,2026-07-13T11:44:31.950088,
0ca223347e86d101,https://md.linkedin.com/jobs/view/senior-devops-aws-at-xebia-4401715160,"Senior DevOps, AWS",Xebia,posted,2026-07-13T11:45:07.202291,347
ae9de1ef01245e2d,https://md.linkedin.com/jobs/view/russian-team-lead-at-sme-careers-4431392872,Russian Team Lead,SME Careers,posted,2026-07-13T11:45:26.412498,349
f3b6d447ca749076,https://md.linkedin.com/jobs/view/ukrainian-team-lead-at-sme-careers-4431602889,Ukrainian Team Lead,SME Careers,posted,2026-07-13T11:45:36.651652,351
337ec5f3d4998118,https://md.linkedin.com/jobs/view/ubuntu-linux-user-for-ai-data-training-at-sme-careers-4431356188,Ubuntu/Linux User for AI Data Training,SME Careers,posted,2026-07-13T11:46:00.042835,353
bed9127c53197a17,https://md.linkedin.com/jobs/view/funded-traineeship-for-young-graduates-at-the-eu-delegation-to-the-republic-of-moldova-at-eubam-libya-4440034280,Funded traineeship for young graduates at the EU Delegation to the Republic of Moldova,,scraped,2026-07-13T18:20:28.984141,
c04fa72cfcd794a3,https://md.linkedin.com/jobs/view/country-leader-at-breezy%21-4425778891,Country Leader,,scraped,2026-07-13T18:20:40.534616,
a5248adc5476e151,https://md.linkedin.com/jobs/view/store-supervisor-at-wherewework-jobs-4437984754,Store Supervisor,wherewework Jobs,posted,2026-07-13T18:21:06.022892,355
43ab6ae164b135de,https://md.linkedin.com/jobs/view/b2b-sales-executive-%E2%80%93-remote-est-hours-at-callsexperts-4437240646,B2B Sales Executive – Remote | EST Hours,Callsexperts,posted,2026-07-13T18:21:31.365312,357
fe6a0467af7fd6ae,https://md.linkedin.com/jobs/view/aml-financial-crime-consultant-at-wherewework-jobs-4437519337,AML & Financial Crime Consultant,wherewework Jobs,posted,2026-07-13T18:21:54.875342,359
ef86e075be0fd03b,https://md.linkedin.com/jobs/view/people-partner-at-software-mind-4431672847,People Partner,,scraped,2026-07-13T18:21:57.511053,
39d82cc019889274,https://md.linkedin.com/jobs/view/circular-economy-co-founder-cfo-100-%25-remote-m-f-d-at-ewor-4438362070,Circular Economy Co-Founder / CFO (100 % remote) (m/f/d),,scraped,2026-07-13T18:22:15.611810,
2de9f4036dfc2f04,https://md.linkedin.com/jobs/view/pentest-engineer-cybersecurity-at-orange-4437274906,PenTest Engineer (Cybersecurity),Orange,posted,2026-07-13T18:22:31.519585,361
e1c990c662f4f034,https://md.linkedin.com/jobs/view/software-engineer-mobile-ios-swift-at-wherewework-jobs-4437051114,"Software Engineer, Mobile (iOS/Swift)",wherewework Jobs,posted,2026-07-13T18:22:45.247297,249
70772e98ca5e149e,https://md.linkedin.com/jobs/view/azure-automation-software-engineer-at-stefanini-emea-4439430558,Azure Automation Software Engineer,Stefanini EMEA,posted,2026-07-13T18:23:03.262383,363
acf71d1a5a92f598,https://md.linkedin.com/jobs/view/servicenow-developer-remote-work-at-bairesdev-4439408670,ServiceNow Developer - Remote Work,BairesDev,failed|wp_post_failed,2026-07-13T23:19:12.814954,
5d20e7349ac60730,https://md.linkedin.com/jobs/view/economist-%C4%83-coordonator-oare-responsabil-%C4%83-de-emisiunea-numerarului-po-14-00-201-bmc-at-national-bank-of-moldova-4440066602,Economist(ă) coordonator(oare) responsabil(ă) de emisiunea numerarului - PO-14-00-201-BMC,,scraped,2026-07-13T23:19:19.555337,
f8c5009deb7e06bf,https://md.linkedin.com/jobs/view/economist-coordonator-responsabil-de-realizarea-politicii-macropruden%C8%9Biale-at-national-bank-of-moldova-4440059817,"Economist coordonator, responsabil de realizarea politicii macroprudențiale",,scraped,2026-07-13T23:19:27.025333,
4bb6be023d356321,https://md.linkedin.com/jobs/view/marketing-intern-at-garmin-moldova-4434849356,Marketing Intern,Garmin Moldova,failed|wp_post_failed,2026-07-13T23:19:46.541337,
3103ea78e618f075,https://md.linkedin.com/jobs/view/assistant-store-manager-at-wherewework-jobs-4437523158,Assistant Store Manager,wherewework Jobs,failed|wp_post_failed,2026-07-13T23:20:34.133782,
0771da7b10e552ae,https://md.linkedin.com/jobs/view/senior-php-developer-at-orange-4437260108,Senior PHP Developer,Orange,failed|wp_post_failed,2026-07-13T23:20:44.296214,
60bec7cc6b89ede8,https://md.linkedin.com/jobs/view/middle-qa-mobile-automation-engineer-at-idt-corporation-4439385444,Middle QA Mobile Automation Engineer,IDT Corporation,failed|wp_post_failed,2026-07-13T23:20:54.786471,
064108a3c46c1522,https://md.linkedin.com/jobs/view/go-developer-e-commerce-platform-at-coherent-solutions-4437297083,Go Developer (E-commerce platform),Coherent Solutions,failed|wp_post_failed,2026-07-13T23:21:22.449938,
9844f0c1d57c4a4e,https://md.linkedin.com/jobs/view/national-expert-on-communication-for-the-moldova-international-stock-exchange-bimx-at-un-women-4440048123,National Expert on Communication for the Moldova International Stock Exchange (BIMx),UN Women,failed|wp_post_failed,2026-07-13T23:21:32.992059,
d2560cdfd3e912ba,https://md.linkedin.com/jobs/view/senior-ios-developer-swiftui-at-wherewework-jobs-4437511581,Senior iOS Developer (SwiftUI),wherewework Jobs,failed|wp_post_failed,2026-07-13T23:21:44.659765,
fdf58e1e4e299062,https://md.linkedin.com/jobs/view/full-stack-java-developer-digital-media-at-coherent-solutions-4428055245,Full-stack Java Developer (Digital Media),Coherent Solutions,failed|wp_post_failed,2026-07-13T23:21:55.240496,
0ecb0497b1af7a58,https://md.linkedin.com/jobs/view/project-manager-at-coherent-solutions-4437270968,Project Manager,Coherent Solutions,failed|wp_post_failed,2026-07-14T07:25:52.150388,
988fc70445da77cb,https://md.linkedin.com/jobs/view/business-analyst-mental-health-care-at-coherent-solutions-4437290142,Business Analyst (Mental Health Care),Coherent Solutions,failed|wp_post_failed,2026-07-14T07:26:01.958443,
abecb04b91542fad,https://md.linkedin.com/jobs/view/v%C3%A2nz%C4%83tor-consultant-v%C3%A2nz%C4%83toare-consultant%C4%83-%C3%AEn-or-lipcani-at-moldcell-4440313066,Vânzător-consultant/Vânzătoare-consultantă în or. Lipcani,,scraped,2026-07-14T07:26:08.347659,
5ae9b1c32271b4b1,https://md.linkedin.com/jobs/view/head-of-product-management-at-grid-dynamics-4440328035,Head of Product Management,Grid Dynamics,failed|wp_post_failed,2026-07-14T12:23:31.360951,
347551658810d766,https://md.linkedin.com/jobs/view/plc-programmer-4437663329,PLC Programmer,Ultrafog Service S.a.r.l.,failed|wp_post_failed,2026-07-14T12:23:44.527061,
a7eb6cda326ba9bb,https://md.linkedin.com/jobs/view/senior-java-software-engineer-at-r-systems-4412894154,Senior Java Software Engineer,R Systems,failed|wp_post_failed,2026-07-14T12:24:13.495465,
b7e5bdafb7f3a515,https://md.linkedin.com/jobs/view/software-architect-distributed-systems-at-wherewework-jobs-4437996448,Software Architect (Distributed Systems),wherewework Jobs,failed|wp_post_failed,2026-07-14T12:24:45.621354,
42dcf036cdc12c48,https://md.linkedin.com/jobs/view/lucr%C4%83tor-comercial-chi%C8%99in%C4%83u-ciocana-f-m-at-wherewework-jobs-4439852338,Lucrător Comercial Chișinău - Ciocana (f/m),wherewework Jobs,failed|wp_post_failed,2026-07-14T12:24:57.817795,
d402630188ee1d29,https://md.linkedin.com/jobs/view/technical-support-analyst-at-arrive-4430598437,Technical Support Analyst,,scraped,2026-07-14T12:25:20.458191,
03b325bfe29a4127,https://md.linkedin.com/jobs/view/business-analyst-at-easypark-4439860730,Business Analyst,,scraped,2026-07-14T17:49:46.245181,
dbb50f9df7f35c47,https://md.linkedin.com/jobs/view/accountant-at-safeguard-global-4418960666,Accountant,Safeguard Global,posted,2026-07-14T17:50:13.123760,365
c729a13f87af7877,https://md.linkedin.com/jobs/view/sef-agentie-or-briceni-at-fincombank-sa-4440357757,"Sef Agentie, or.Briceni",,scraped,2026-07-14T17:50:15.806885,
0045b37764d155e0,https://md.linkedin.com/jobs/view/account-manager-turkish-speaker-at-scrambly-4437693838,Account Manager - Turkish speaker,,scraped,2026-07-14T17:50:31.643297,
a9f35af892bba38f,https://md.linkedin.com/jobs/view/it-business-analyst-at-amdaris-4440571269,IT Business Analyst,,scraped,2026-07-14T17:50:40.301402,
6603be7916d130ad,https://md.linkedin.com/jobs/view/disability-policy-analyst-short-term-at-undp-careers-4440571028,"Disability Policy Analyst, Short-Term",UNDP Careers,posted,2026-07-14T17:51:22.488204,367
7ec0bcc50da4a239,https://md.linkedin.com/jobs/view/frontend-mobile-app-developer-flutter-freelance-at-parqie-4440570308,Frontend Mobile App Developer - Flutter (Freelance),Parqie,posted,2026-07-14T17:51:42.350719,369
f9663ad166abd17e,https://md.linkedin.com/jobs/view/cloud-infrastructure-engineer-google-cloud-platform-at-wherewework-jobs-4439839855,"Cloud Infrastructure Engineer, Google Cloud Platform",wherewework Jobs,posted,2026-07-14T17:52:00.847103,371
54a86ffa1a22c452,https://md.linkedin.com/jobs/view/senior-flutter-software-engineer-at-idt-corporation-4440802264,Senior Flutter Software Engineer,IDT Corporation,posted,2026-07-14T17:52:31.102324,373
f6db3f8c5b469776,https://md.linkedin.com/jobs/view/node-js-team-lead-at-stefanini-emea-4419026671,Node.js Team Lead,Stefanini EMEA,posted,2026-07-14T17:52:50.455058,375
b5e5908cd69ead85,https://md.linkedin.com/jobs/view/mi-polyvalent-commercial-worker-pf-at-mega-image-ahold-delhaize-group-4431233575,MI Polyvalent Commercial Worker_Pf,,scraped,2026-07-14T21:40:36.971748,
54d79b2e05668143,https://md.linkedin.com/jobs/view/ppc-digital-marketing-specialist-vbet-igaming-at-vbet-4438011639,PPC Digital Marketing Specialist / VBET / IGaming,,scraped,2026-07-14T21:41:14.123112,
d4772157864d2ac9,https://md.linkedin.com/jobs/view/back-end-developer-at-travel-business-class-4437692569,Back End Developer,Travel Business Class,posted,2026-07-14T21:41:37.626107,377
aaa9b27b4be38dc0,https://md.linkedin.com/jobs/view/full-stack-engineer-at-restdata-4438014328,Full Stack Engineer,restdata,posted,2026-07-14T21:42:10.066972,379
61e2e83318ecaf8b,https://md.linkedin.com/jobs/view/technical-service-coordinator-for-sap-at-stefanini-emea-4439853050,Technical Service Coordinator for SAP,Stefanini EMEA,posted,2026-07-14T21:42:23.891807,381
a4f3a00ccca363ed,https://md.linkedin.com/jobs/view/software-developer-at-employer-com-4438013802,Software Developer,Employer.com,posted,2026-07-15T06:30:26.016046,383
13b572df266887b5,https://md.linkedin.com/jobs/view/warehouse-stockroom-supervisor-at-wherewework-jobs-4439855068,Warehouse & Stockroom Supervisor,wherewework Jobs,posted,2026-07-15T06:30:39.747380,385
a9335381b7ec0be5,https://md.linkedin.com/jobs/view/ai-education-engagement-manager-at-neurons-lab-4440033684,AI Education / Engagement Manager,,scraped,2026-07-15T06:30:48.617490,
4aa4f10003aba069,https://md.linkedin.com/jobs/view/web-bi-analyst-vbet-at-vbet-4438003891,Web BI Analyst / VBET,,scraped,2026-07-15T06:31:06.296287,
343b2f61b5dd9e36,https://md.linkedin.com/jobs/view/python-developer-ai-assisted-development-at-invest-credit-4438066397,Python Developer | AI-Assisted Development,,scraped,2026-07-15T06:31:19.379770,
111d0f5d6f42c1b8,https://md.linkedin.com/jobs/view/human-resources-business-partner-at-a-hiring-group-4440860381,Human Resources Business Partner,A Hiring Group,posted,2026-07-15T06:31:33.682122,387
2fbc9db2bd77923e,https://md.linkedin.com/jobs/view/backend-c%23-developer-net-%2B-ai-assisted-development-at-smart-apartment-data-4440584543,Backend C# Developer (.NET + AI-Assisted Development),Smart Apartment Data,posted,2026-07-15T06:31:49.282933,389
a7fd1e7ed95ac64b,https://md.linkedin.com/jobs/view/german-speaking-customer-support-operator-m-f-d-at-autodoc-4439894946,German speaking Customer Support Operator(m/f/d),,scraped,2026-07-15T06:31:52.010104,
ccbb3cc130b5fe56,https://md.linkedin.com/jobs/view/retail-area-manager-at-wherewework-jobs-4439846692,Retail Area Manager,wherewework Jobs,posted,2026-07-15T06:32:28.847916,391
b2341ce9b9a050d2,https://md.linkedin.com/jobs/view/data-analyst-risk-compliance-reporting-at-wherewework-jobs-4439839856,"Data Analyst, Risk & Compliance Reporting",wherewework Jobs,posted,2026-07-15T06:32:43.278812,393
d1e390eefb75afe5,https://md.linkedin.com/jobs/view/mid-level-continuous-diagnostics-and-mitigation-cdm-engineer-at-k2united-4440856636,Mid-Level Continuous Diagnostics and Mitigation (CDM) Engineer,K2United,posted,2026-07-15T06:33:03.009050,395
4421142ec5ac999e,https://md.linkedin.com/jobs/view/web-bi-analyst-vbet-at-vbet-4437607489,Web BI Analyst / VBET,,scraped,2026-07-15T06:33:05.701808,
5a172b40ef2036d6,https://md.linkedin.com/jobs/view/pin-wang-at-department-of-history-and-art-history-at-george-mason-university-4439942960,Pin Wang,Department of History and Art History at George Mason University,posted,2026-07-15T12:55:49.887362,345
a3e532bf23dc5718,https://md.linkedin.com/jobs/view/menajer%C4%83-pentru-locuin%C8%9Be-de-lux-at-sarks-agency-4439588016,Menajeră pentru locuințe de lux,,scraped,2026-07-15T12:55:52.509672,
3fec486362b75426,https://md.linkedin.com/jobs/view/%D0%BB%D0%BE%D0%B3%D0%B8%D1%81%D1%82-ltl-%D0%BC%D0%B5%D0%B6%D0%B4%D1%83%D0%BD%D0%B0%D1%80%D0%BE%D0%B4%D0%BD%D1%8B%D0%B5-%D0%BF%D0%B5%D1%80%D0%B5%D0%B2%D0%BE%D0%B7%D0%BA%D0%B8-at-m3cargo-4438074474,"Логист (LTL, Международные перевозки)",M3Cargo,posted,2026-07-15T12:56:27.396698,397
386e0caef51e05e5,https://md.linkedin.com/jobs/view/help-desk-team-leader-at-gilat-satellite-networks-4423529476,Help Desk Team Leader,Gilat Satellite Networks,posted,2026-07-15T12:56:48.417061,399
7722e19d34ead802,https://md.linkedin.com/jobs/view/%D0%BC%D0%B0%D0%BD%D0%B0%D0%B4%D0%B6%D0%B5%D1%80-%D0%BF%D0%BE-%D0%BF%D1%80%D0%BE%D0%B4%D0%B0%D0%B6%D0%B8-at-horus-srl-181720035,Манаджер по продажи,HORUS SRL,failed|wp_post_failed,2026-07-15T12:57:06.477656,
c272f08550e7bc5e,https://md.linkedin.com/jobs/view/mid-level-data-protection-dlp-analyst-at-k2united-4440857630,Mid-Level Data Protection/DLP Analyst,K2United,posted,2026-07-15T12:57:36.854380,401
63c8961457ee936a,https://md.linkedin.com/jobs/view/senior-tax-advisor-at-wherewework-jobs-4440218181,Senior Tax Advisor,wherewework Jobs,posted,2026-07-15T12:57:57.199035,403
656cd146a9711ace,https://md.linkedin.com/jobs/view/sr-clinical-research-associate-moldova-at-alimentiv-4439974422,Sr. Clinical Research Associate (Moldova),,scraped,2026-07-15T12:58:01.861003,
e54bf36d41a0b246,https://md.linkedin.com/jobs/view/mid-level-vulnerability-management-engineer-at-k2united-4440866156,Mid-Level Vulnerability Management Engineer,K2United,posted,2026-07-15T12:58:15.895278,405
067092a836db6285,https://md.linkedin.com/jobs/view/developing-senior-auditor-pwc-moldova-fix-term-contract-no-experience-required-at-pwc-central-and-eastern-europe-4440213664,Developing Senior Auditor PwC Moldova - fix-term contract - no experience required,PwC Central and Eastern Europe,posted,2026-07-15T12:58:43.816141,407
cb1094f59dbd1da5,https://md.linkedin.com/jobs/view/website-content-manager-at-wherewework-jobs-4440210367,Website Content Manager,wherewework Jobs,posted,2026-07-15T18:01:09.051482,409
21adc1eb905f99e0,https://md.linkedin.com/jobs/view/manager-clinical-data-management-at-alimentiv-4440226964,"Manager, Clinical Data Management",,scraped,2026-07-15T18:01:23.865134,
3353013de4a18dda,https://md.linkedin.com/jobs/view/forensic-accounting-specialist-at-wherewework-jobs-4440221041,Forensic Accounting Specialist,wherewework Jobs,posted,2026-07-15T18:01:59.240722,411
c8c159e22860d6b4,https://md.linkedin.com/jobs/view/b2b-marketing-sales-enablement-manager-zendit-at-idt-corporation-4441231193,B2B Marketing & Sales Enablement Manager (Zendit),IDT Corporation,posted,2026-07-15T18:02:13.861182,413
55c249035b85974a,https://md.linkedin.com/jobs/view/system-analyst-at-maib-4364798669,System Analyst,,scraped,2026-07-15T18:02:24.517106,
b1bbb290f2d836db,https://md.linkedin.com/jobs/view/automation-software-engineer-at-stefanini-emea-4439430558,Automation Software Engineer,Stefanini EMEA,posted,2026-07-15T18:02:51.891367,415
425d7d2a0d96195f,https://md.linkedin.com/jobs/view/specialist-achizi%C8%9Bii-it-at-maib-4438402153,Specialist achiziții IT,,scraped,2026-07-15T18:03:26.580865,
d058d72c5176b27c,https://md.linkedin.com/jobs/view/recommended-readings-at-seiche-center-for-health-and-justice-4438929955,Recommended Readings,SEICHE Center for Health and Justice,posted,2026-07-15T21:33:16.966309,417
658e96b54e383de9,https://md.linkedin.com/jobs/view/security-guard-g2-deadline-extension-at-osce-4438094980,Security Guard (G2) (deadline extension),,scraped,2026-07-15T21:33:29.582173,
4a93f8ea145ad721,https://md.linkedin.com/jobs/view/senior-ai-product-manager-at-ruby-labs-4440994276,Senior AI Product Manager,Ruby Labs,posted,2026-07-15T21:34:17.428248,419
cc7bb0f07f5b75ab,https://md.linkedin.com/jobs/view/national-consultant-for-crc-report-preparation-and-coordination-chisinau-moldova-6-months-remote-at-unicef-chad-4438431036,"National Consultant for CRC Report Preparation and Coordination, Chisinau, Moldova, 6 months (Remote)",Unicef CHAD,posted,2026-07-15T21:34:43.807996,421
0f57d81db42240be,https://md.linkedin.com/jobs/view/android-engineer-at-maib-4438084841,Android Engineer,,scraped,2026-07-15T21:35:00.525535,
2837bf230c9c20a4,https://md.linkedin.com/jobs/view/po-09-02-127-ssa-%E2%80%93-%C8%99ef-adjunct-al-direc%C8%9Biei-consolidarea-supravegherii-financiare-departamentul-supraveghere-bancar%C4%83-at-national-bank-of-moldova-4441421854,"PO-09-02-127-SSA – Șef-adjunct al Direcției consolidarea supravegherii financiare, Departamentul Supraveghere Bancară",,scraped,2026-07-16T06:37:24.410550,
833750633917b57d,https://md.linkedin.com/jobs/view/customer-support-specialist-scrambly-at-scrambly-4440960891,Customer Support Specialist (Scrambly),,scraped,2026-07-16T06:37:44.568019,
6cea51f29aca485b,https://md.linkedin.com/jobs/view/project-associate-open-to-internal-and-external-applicants-at-undp-careers-4441247668,Project Associate [Open to internal and external applicants],UNDP Careers,posted,2026-07-16T06:37:56.494461,97
b51d7efa874acfdb,https://md.linkedin.com/jobs/view/store-opening-project-manager-at-wherewework-jobs-4440218184,Store Opening Project Manager,wherewework Jobs,posted,2026-07-16T06:38:28.666987,423
29d47c4a1aa7e794,https://md.linkedin.com/jobs/view/junior-executive-assistant-at-us-software-solutions-4438078258,Junior Executive Assistant,,scraped,2026-07-16T06:38:31.314226,
19743ba677373d62,https://md.linkedin.com/jobs/view/performance-marketing-lead-social-media-ads-at-ruby-labs-4441253664,Performance Marketing Lead (Social Media Ads),Ruby Labs,posted,2026-07-16T06:38:42.704850,425
ed2ba837031c93dd,https://md.linkedin.com/jobs/view/retail-area-manager-at-wherewework-jobs-4439854142,Retail Area Manager,wherewework Jobs,posted,2026-07-16T06:38:58.629765,391
fdc351c38a64c220,https://md.linkedin.com/jobs/view/software-engineer-blockchain-smart-contracts-at-wherewework-jobs-4440219128,"Software Engineer, Blockchain & Smart Contracts",wherewework Jobs,posted,2026-07-16T06:40:43.399057,427
ebcc8c215be4bc3d,https://md.linkedin.com/jobs/view/mid-level-information-system-security-officer-isso-system-owner-support-at-k2united-4440910236,Mid-Level Information System Security Officer (ISSO) / System Owner Support,K2United,posted,2026-07-16T06:40:55.272400,429
ee4486343c4cc27e,https://md.linkedin.com/jobs/view/senior-java-software-engineer-at-maib-4398800929,Senior Java Software Engineer,,scraped,2026-07-16T06:41:15.953272,
036e585f097c0caa,https://md.linkedin.com/jobs/view/hr-consultant-at-wherewework-jobs-4440203603,HR Consultant,wherewework Jobs,posted,2026-07-16T13:07:15.538724,431
4ab4a53ca52d5484,https://md.linkedin.com/jobs/view/data-analytics-manager-at-unifun-4441438574,Data Analytics Manager,Unifun,posted,2026-07-16T13:08:06.374812,433
fc978d28914cf94d,https://md.linkedin.com/jobs/view/analytics-engineer-at-fusionworks-4438497404,Analytics Engineer,,scraped,2026-07-16T13:08:13.048251,
6570cea9002a4ca7,https://md.linkedin.com/jobs/view/senior-performance-test-engineer-at-avenga-4438096544,Senior Performance Test Engineer,,scraped,2026-07-16T13:08:28.705161,
25f5a59b678ab52d,https://md.linkedin.com/jobs/view/senior-copywriter-hybrid-at-web-ng-global-4438416583,Senior Copywriter (Hybrid),WEB NG Global,posted,2026-07-16T13:08:42.257809,435
edff620942dcd523,https://md.linkedin.com/jobs/view/senior-qa-engineer-at-mixbook-4441225602,Senior QA Engineer,Mixbook,posted,2026-07-16T13:08:51.190255,437
8b952817190dcc8b,https://md.linkedin.com/jobs/view/senior-full-stack-engineer-at-alvys-4431870999,Senior Full Stack Engineer,Alvys,posted,2026-07-16T13:09:02.297909,439
e4bad80a2a579b00,https://md.linkedin.com/jobs/view/manager-b2b-v%C3%A2nz%C4%83ri-parteneriate-at-maib-4352994261,Manager B2B | Vânzări Parteneriate,,scraped,2026-07-16T13:09:16.966929,
070d3a010ad6ba36,https://md.linkedin.com/jobs/view/asistent-%C4%83-medical-%C4%83-or-%C5%9Ftefan-vod%C4%83-at-invitro-diagnostics-4440279789,Asistent/ă medical/ă (or. Ştefan Vodă),,scraped,2026-07-16T13:09:24.399966,
cab4f9ee1451bc7a,https://md.linkedin.com/jobs/view/dwp-software-engineer-at-stefanini-emea-4439430558,DWP Software Engineer,Stefanini EMEA,posted,2026-07-16T13:09:49.066763,441
b4def0812118892e,https://md.linkedin.com/jobs/view/%D1%81%D0%B1%D0%BE%D1%80%D1%89%D0%B8%D0%BA-%D0%BA%D0%B0%D1%80%D0%BA%D0%B0%D1%81%D0%BE%D0%B2-%D0%BC%D1%8F%D0%B3%D0%BA%D0%BE%D0%B9-%D0%BC%D0%B5%D0%B1%D0%B5%D0%BB%D0%B8-4438471526,Сборщик каркасов мягкой мебели,Предприниматель,failed|wp_post_failed,2026-07-16T13:09:52.594510,
55724d06eb0df9c7,https://md.linkedin.com/jobs/view/senior-product-manager-remote-contract-at-infuse-4441618363,"Senior Product Manager (Remote, Contract)",INFUSE,posted,2026-07-16T17:57:39.229159,443
de4a27d35fbbcd66,https://md.linkedin.com/jobs/view/we%E2%80%99re-hiring-graphic-designer-at-blueline-srl-3633344688,We’re Hiring: Graphic Designer,,scraped,2026-07-16T17:58:01.986710,
00bf3757756bc07f,https://md.linkedin.com/jobs/view/sap-technical-services-coordinator-at-stefanini-emea-4439853050,SAP Technical Services Coordinator,Stefanini EMEA,posted,2026-07-16T17:58:30.959278,445
c07d77d370b84bae,https://md.linkedin.com/jobs/view/business-analyst-at-arrive-4439911251,Business Analyst,,scraped,2026-07-16T17:58:35.623158,
7bdf9d9557d8127f,https://md.linkedin.com/jobs/view/sales-manager-at-simpals-4438478287,Sales Manager,Simpals,posted,2026-07-16T17:59:04.926286,447
8c7cdeaf7b6d9a52,https://md.linkedin.com/jobs/view/key-account-executive-at-orbico-moldova-4438471663,Key Account Executive,,scraped,2026-07-16T17:59:09.640240,
966f2f39fa2debb0,https://md.linkedin.com/jobs/view/python-developer-at-grid-dynamics-4437260025,Python Developer,Grid Dynamics,posted,2026-07-16T17:59:30.350574,449
3b57389a67bc56d1,https://md.linkedin.com/jobs/view/qa-engineer-at-gr8-tech-4441630361,QA Engineer,,scraped,2026-07-16T17:59:32.985838,
8f28365d6d2158bf,https://md.linkedin.com/jobs/view/senior-ai-engineer-at-avenga-4423305522,Senior AI Engineer,,scraped,2026-07-16T17:59:48.105510,
9a423d2ab637581a,https://md.linkedin.com/jobs/view/senior-net-software-engineer-at-maib-4438088897,Senior.Net Software Engineer,,scraped,2026-07-16T18:00:08.228270,
fba28fb1a85f9095,https://md.linkedin.com/jobs/view/mid-level-rmf-controls-conmon-analyst-at-k2united-4440899845,Mid-Level RMF Controls / ConMon Analyst,K2United,posted,2026-07-16T18:00:22.605107,451
9bc266cdc57d6edb,https://md.linkedin.com/jobs/view/senior-software-engineer-net-at-avenga-water-well-service-llc-4441630298,Senior Software Engineer (.NET),"Avenga Water Well Service, LLC",posted,2026-07-16T18:00:33.013325,453
505a76e3a7be8d1f,https://md.linkedin.com/jobs/view/national-consultant-for-crc-report-preparation-and-coordination-chisinau-moldova-6-months-remote-at-unicef-4440967180,"National Consultant for CRC Report Preparation and Coordination, Chisinau, Moldova, 6 months (Remote)",UNICEF,posted,2026-07-16T18:00:44.156218,455
a9e946bcd929b3ce,https://md.linkedin.com/jobs/view/junior-auditor-chisinau-office-at-deloitte-4361849988,Junior Auditor | Chisinau Office,Deloitte,posted,2026-07-16T18:00:53.058390,457
bb7c8fdd9f6d034b,https://md.linkedin.com/jobs/view/application-management-specialist-at-ion-4354557186,Application Management Specialist,,scraped,2026-07-16T18:00:58.763641,
915c10927fd53da0,https://md.linkedin.com/jobs/view/senior-project-manager-remote-contract-at-infuse-4441636434,"Senior Project Manager (Remote, Contract)",INFUSE,posted,2026-07-16T21:46:49.018431,459
6a24a7a4488f7845,https://md.linkedin.com/jobs/view/business-developer-at-kavaa-global-services-4438473915,Business Developer,,scraped,2026-07-16T21:47:39.715579,
537888482d52a9bd,https://md.linkedin.com/jobs/view/mid-level-a-a-package-specialist-at-k2united-4440862271,Mid-Level A&A Package Specialist,K2United,posted,2026-07-16T21:48:01.257732,461
eb29177d49c8c9f4,https://md.linkedin.com/jobs/view/po-23-00-200-slb-%E2%80%93-economist-%C4%83-principal-%C4%83-al-a-sec%C8%9Biei-rezolu%C8%9Bie-bancar%C4%83-perioad%C4%83-determinat%C4%83-at-national-bank-of-moldova-4441928516,"PO-23-00-200-SLB – Economist(ă) principal(ă) al/a Secției rezoluție bancară, perioadă determinată",,scraped,2026-07-17T06:28:56.486825,
1432364b744d139e,https://md.linkedin.com/jobs/view/email-marketing-manager-at-coral-club-europe-4441446222,Email Marketing Manager,Coral Club Europe,posted,2026-07-17T06:29:22.150809,463
5dd448b684961ba3,https://md.linkedin.com/jobs/view/technical-it-support-entry-level-at-stefanini-emea-4005752707,Technical IT Support (Entry Level),Stefanini EMEA,posted,2026-07-17T06:29:48.660987,465
f8907c66b65c307e,https://md.linkedin.com/jobs/view/programme-intern-education-chisinau-moldova-for-nationals-residents-only-at-unicef-chad-4438753087,"Programme Intern (Education), Chisinau, Moldova (for nationals/residents only)",Unicef CHAD,posted,2026-07-17T06:30:20.891322,467
884648737c7e5779,https://md.linkedin.com/jobs/view/salesforce-developer-at-web-ng-global-4438407880,Salesforce Developer,WEB NG Global,posted,2026-07-17T06:31:01.933850,469
60f9a25994a2905a,https://md.linkedin.com/jobs/view/cabin-crew-recruitment-day-chisinau-21-august-2026-at-wizz-air-4438765656,Cabin Crew Recruitment Day - Chisinau - 21 August 2026,,scraped,2026-07-17T12:03:43.211772,
a1cf8dbeaa2fe865,https://md.linkedin.com/jobs/view/staffing-coordinator-at-grid-dynamics-4441967053,Staffing Coordinator,Grid Dynamics,posted,2026-07-17T12:03:59.658874,471
4e47ef7dc9b310b7,https://md.linkedin.com/jobs/view/recruitment-specialist-at-connect-imobil-4412919519,Recruitment Specialist,,scraped,2026-07-17T12:04:02.254644,
b9f2082f048cdad5,https://md.linkedin.com/jobs/view/%0A-jobtitle-commercial-director-%0A-locationname-chi%C8%99in%C4%83u-republic-of-moldova-%0A-jobtype-full-time-%0A-workplacetype-onsite-%0A-companyname-orhei-vit-%0A-at-orhei-vit-4438736231,"{
  'jobTitle': 'Commercial Director',
  'locationName': 'Chișinău, Republic of Moldova',
  'jobType': 'FULL_TIME',
  'workplaceType': 'ONSITE',
  'companyName': 'Orhei-Vit'
}",,scraped,2026-07-17T12:04:09.116423,
6902b9d2ebdf2e58,https://md.linkedin.com/jobs/view/travel-consultant-at-volare-vitae-aps-4441967551,Travel Consultant,,scraped,2026-07-17T12:04:27.422840,
0274c21e1e1e164b,https://md.linkedin.com/jobs/view/hr-manager-at-unifun-4441430914,HR Manager,Unifun,posted,2026-07-17T12:04:51.562210,473
7a87c27cf7b6c201,https://md.linkedin.com/jobs/view/intelligent-automation-developer-at-orange-4439210335,Intelligent Automation Developer,Orange,posted,2026-07-17T12:05:05.158539,475
267665315f8f1522,https://md.linkedin.com/jobs/view/analyst-senior-analyst-pricing-optimization-bangkok-based-relocation-provided-at-agoda-4441441421,"Analyst/ Senior Analyst, Pricing Optimization (Bangkok Based, relocation provided)",Agoda,posted,2026-07-17T12:05:55.765778,477
fb43b1aa3879a8fa,https://md.linkedin.com/jobs/view/pin-wang-at-department-of-history-and-art-history-at-george-mason-university-4440745579,Pin Wang,Department of History and Art History at George Mason University,posted,2026-07-17T17:45:42.081918,345
9d4afee088c81526,https://md.linkedin.com/jobs/view/junior-it-recruiter-at-coherent-solutions-4439228610,Junior IT Recruiter,Coherent Solutions,posted,2026-07-17T17:46:06.113433,479
6b81ae106e2060ae,https://md.linkedin.com/jobs/view/back-office-specialist-%E2%80%93-banking-moldova-cedacri-international-at-ion-4354576965,"Back Office Specialist – Banking, Moldova, (Cedacri International)",,scraped,2026-07-17T17:46:25.274737,
c34eeb7b967d5830,https://md.linkedin.com/jobs/view/account-manager-at-label-your-data-4442119858,Account Manager,Label Your Data,posted,2026-07-17T17:46:49.117985,481
8ca2dbe6c3a5bc79,https://md.linkedin.com/jobs/view/inginer-proiectant-instala%C8%9Bii-electrice-at-electro-service-grup-srl-4316766206,Inginer proiectant instalații electrice,,scraped,2026-07-17T17:47:13.701236,
1abebc896202803c,https://md.linkedin.com/jobs/view/banking-junior-developer-moldova-cedacri-international-at-ion-4354378943,"Banking Junior Developer, Moldova, (Cedacri International)",,scraped,2026-07-17T17:47:29.140675,
a0274e7d51ff849c,https://md.linkedin.com/jobs/view/full-stack-java-%2B-next-js-engineer-at-intetics-4442121438,Full-Stack (Java + Next.js) Engineer,Intetics,posted,2026-07-17T17:47:55.413050,483
70b5ffac2f3a276c,https://md.linkedin.com/jobs/view/pol-21-02-201-ars-%E2%80%93-economist-%C4%83-coordonator-oare-responsabil-%C4%83-de-analiza-riscului-sistemic-at-national-bank-of-moldova-4442121526,"POL-21-02-201-ARS – Economist(ă) coordonator(oare), responsabil(ă) de analiza riscului sistemic",,scraped,2026-07-17T20:40:17.820902,
8b7e848974b90862,https://md.linkedin.com/jobs/view/general-manager-at-bluethrone-4441167245,General Manager,,scraped,2026-07-17T20:40:27.106966,
65eaea9ca5b83103,https://md.linkedin.com/jobs/view/senior-google-ads-strategist-at-adfix-4441490553,Senior Google Ads Strategist,ADFIX,posted,2026-07-17T20:41:04.404475,485
8db23802371294a0,https://md.linkedin.com/jobs/view/%D1%80%D0%B5%D0%B3%D1%96%D0%BE%D0%BD%D0%B0%D0%BB%D1%8C%D0%BD%D0%B8%D0%B9-%D0%BC%D0%B5%D0%BD%D0%B5%D0%B4%D0%B6%D0%B5%D1%80-at-afina-group-4423102865,Регіональний менеджер,,scraped,2026-07-17T20:41:23.034417,
bfa7529aa6904656,https://md.linkedin.com/jobs/view/ai-infrastructure-co-founder-head-of-sales-100-%25-remote-m-f-d-at-ewor-4441353120,AI Infrastructure Co-Founder / Head of Sales (100 % remote) (m/f/d),,scraped,2026-07-17T20:41:44.951506,
ea5ac894d489f7b9,https://md.linkedin.com/jobs/view/cybersecurity-co-founder-cfo-100-%25-remote-m-f-d-at-ewor-4441331973,Cybersecurity Co-Founder / CFO (100 % remote) (m/f/d),,scraped,2026-07-17T20:42:16.433470,
46030edf3f5e1562,https://md.linkedin.com/jobs/view/senior-advisor-%E2%80%93-microbiology-laboratory-information-systems-and-antimicrobial-stewardship-dos-leap-global-moldova-at-dexis-4432820843,"Senior Advisor – Microbiology, Laboratory Information Systems, and Antimicrobial Stewardship, DOS LEAP Global - Moldova",Dexis,posted,2026-07-17T20:42:36.111167,487
661a08d8d4f2d2d7,https://md.linkedin.com/jobs/view/regulatory-consultant-at-rho-4283404305,Regulatory Consultant,Rho,posted,2026-07-18T10:49:36.069706,489
8abf1226acdd6f9c,https://md.linkedin.com/jobs/view/presentation-designer-at-infuse-4442456099,Presentation Designer,INFUSE,posted,2026-07-18T15:33:07.052709,491
bb97a8a335fe101a,https://md.linkedin.com/jobs/view/presentation-designer-at-infuse-4442454213,Presentation Designer,INFUSE,posted,2026-07-18T15:33:15.697698,491
5e7e002b369104aa,https://md.linkedin.com/jobs/view/machine-learning-engineer-personalization-engine-at-wherewework-jobs-4441716683,Machine Learning Engineer (Personalization Engine),wherewework Jobs,posted,2026-07-18T15:34:08.920908,493
4da785868f38f1b0,https://md.linkedin.com/jobs/view/it-outsourcing-manager-at-wherewework-jobs-4441725445,IT Outsourcing Manager,wherewework Jobs,posted,2026-07-18T15:34:34.914288,495
7387b17f7842a9cb,https://md.linkedin.com/jobs/view/sales-executive-mid-atlantic-at-sophia-genetics-4414248816,Sales Executive - Mid-Atlantic,,scraped,2026-07-18T15:34:39.520404,
0dc60fa5e2532353,https://md.linkedin.com/jobs/view/technical-customer-support-%E2%80%93-banking-moldova-cedacri-international-at-ion-4354566954,"Technical Customer Support – Banking, Moldova, (Cedacri International)",,scraped,2026-07-18T15:34:59.270151,
53a3c349164d1e4d,https://md.linkedin.com/jobs/view/senior-software-engineer-net-at-avenga-4441649979,Senior Software Engineer (.NET),,scraped,2026-07-18T22:35:49.184028,
986e75a19dae6ea8,https://md.linkedin.com/jobs/view/ai-product-engineer-llm-fine-tuning-prompt-engineering-at-wherewework-jobs-4441721562,"AI Product Engineer, LLM Fine-Tuning & Prompt Engineering",wherewework Jobs,posted,2026-07-19T07:52:22.229885,497
95105f5175387df7,https://md.linkedin.com/jobs/view/programme-intern-education-chisinau-moldova-for-nationals-residents-only-at-unicef-4441446992,"Programme Intern (Education), Chisinau, Moldova (for nationals/residents only)",UNICEF,posted,2026-07-19T07:52:31.195813,467
e75b39f8216714a2,https://md.linkedin.com/jobs/view/senior-full-stack-engineer-next-js-%2B-fastapi-at-wherewework-jobs-4441728128,Senior Full Stack Engineer (Next.js + FastAPI),wherewework Jobs,posted,2026-07-19T11:40:52.403789,499
fcbb2530504afd26,https://md.linkedin.com/jobs/view/store-operations-manager-at-wherewework-jobs-4441727226,Store Operations Manager,wherewework Jobs,posted,2026-07-19T15:34:27.196024,501
b1099a9caf114342,https://md.linkedin.com/jobs/view/senior-data-engineer-at-mwdn-4440767271,Senior Data Engineer,MWDN,posted,2026-07-19T15:34:47.452339,503
5ed0273bf2a2c050,https://md.linkedin.com/jobs/view/assurance-process-associate-competency-centre-pwc-moldova-at-pwc-central-and-eastern-europe-4343685315,"Assurance Process Associate, Competency Centre PwC Moldova",PwC Central and Eastern Europe,posted,2026-07-19T20:00:23.200383,505
32a16791b393fd8d,https://md.linkedin.com/jobs/view/graphic-designer-4439664341,Graphic Designer,EDOCUMENTARE.SRL,posted,2026-07-19T22:38:36.044720,85
ad81259a72b6be14,https://md.linkedin.com/jobs/view/junior-auditor-chisinau-office-at-acca-careers-4442508930,Junior Auditor | Chisinau Office,,scraped,2026-07-19T22:39:02.781044,
990aad3fe8e24b4a,https://md.linkedin.com/jobs/view/retail-operations-coordinator-at-wherewework-jobs-4441730147,Retail Operations Coordinator,wherewework Jobs,posted,2026-07-20T10:34:31.747254,507
ce39d60317c7c46b,https://md.linkedin.com/jobs/view/%D0%B8%D0%BD%D0%B6%D0%B5%D0%BD%D0%B5%D1%80-%D0%BA%D0%BE%D0%BD%D1%81%D1%82%D1%80%D1%83%D0%BA%D1%82%D0%BE%D1%80-at-informbusiness-s-r-l-4439615187,Инженер-конструктор,Informbusiness S.R.L.,posted,2026-07-20T10:35:19.713021,509
7edb666d5f7ffe68,https://md.linkedin.com/jobs/view/game-designer-at-playrix-4442595346,Game Designer,,scraped,2026-07-20T10:35:26.351684,
ad56c53a90fcdbad,https://md.linkedin.com/jobs/view/d2c-direct-to-consumer-channel-manager-at-wherewework-jobs-4441708961,D2C (Direct-to-Consumer) Channel Manager,wherewework Jobs,posted,2026-07-20T17:10:29.165932,511
6de429a9e55b15a3,https://md.linkedin.com/jobs/view/marketing-administrative-assistant-at-veo-worldwide-services-4442704037,Marketing Administrative Assistant,,scraped,2026-07-20T17:10:43.990444,
1ac3903a576010e9,https://md.linkedin.com/jobs/view/growth-product-specialist-at-ruby-labs-4440989451,Growth Product Specialist,Ruby Labs,posted,2026-07-20T17:10:56.985643,513
8e1cedb773001c86,https://md.linkedin.com/jobs/view/software-engineer-frontend-react-typescript-at-wherewework-jobs-4441721563,"Software Engineer, Frontend (React/TypeScript)",wherewework Jobs,posted,2026-07-20T17:11:09.328999,515
1e55764331a59cd0,https://md.linkedin.com/jobs/view/digital-marketing-specialist-at-adcenter-4442044288,Digital Marketing Specialist,,scraped,2026-07-20T17:11:29.988814,
779dd1ecbe7d0afc,https://md.linkedin.com/jobs/view/international-consultant-on-gender-responsive-public-procurement-at-un-women-4442716716,International Consultant on Gender-Responsive Public Procurement,UN Women,posted,2026-07-20T17:11:55.199768,517
e65711c7edfbc17b,https://md.linkedin.com/jobs/view/military-member-s2-at-osce-4440149962,Military Member (S2),,scraped,2026-07-20T17:12:00.203696,
da6d309b83d01f45,https://md.linkedin.com/jobs/view/servicenow-developer-remote-work-at-bairesdev-4442080740,ServiceNow Developer - Remote Work,BairesDev,posted,2026-07-20T17:12:28.493132,519
9545bc39c24dd732,https://md.linkedin.com/jobs/view/junior-tax-consultant-chisinau-at-ey-4320982396,Junior Tax Consultant - Chisinau,EY,posted,2026-07-20T17:12:41.454200,521
7fc5e30820262b77,https://md.linkedin.com/jobs/view/account-manager-long-tail-chi%C8%99in%C4%83u-moldova-at-glovo-4423909939,"Account Manager Long Tail - Chișinău, Moldova",,scraped,2026-07-20T17:12:44.062760,
e8fd306bdfddbbd4,https://md.linkedin.com/jobs/view/user-acquisition-manager-google-ads-ios-apps-at-quadcode-4404410381,"User Acquisition Manager (Google Ads, iOS Apps)",,scraped,2026-07-20T17:12:50.905412,
311736c555311986,https://md.linkedin.com/jobs/view/sr-employee-benefits-consultant-voluntary-benefits-at-the-standard-4314546028,Sr. Employee Benefits Consultant - Voluntary Benefits,The Standard,posted,2026-07-20T17:13:02.770911,523
f811ebf96c455c9d,https://md.linkedin.com/jobs/view/senior-aws-network-engineer-at-xebia-4418966275,Senior AWS Network Engineer,Xebia,posted,2026-07-20T17:13:16.753980,525
70370a82564fe030,https://md.linkedin.com/jobs/view/presentation-designer-remote-contract-at-infuse-4442793522,"Presentation Designer (Remote, Contract)",INFUSE,posted,2026-07-20T21:52:36.828447,527
4ee352d2d90bd2d8,https://md.linkedin.com/jobs/view/presentation-designer-remote-contract-at-infuse-4442791662,"Presentation Designer (Remote, Contract)",INFUSE,posted,2026-07-20T21:52:42.070569,527
1006995a28b6a2f1,https://md.linkedin.com/jobs/view/recruitment-specialist-at-seranova-4440171964,Recruitment Specialist,Seranova,posted,2026-07-20T21:53:10.268127,529
bd9ee27ecb246970,https://md.linkedin.com/jobs/view/office-assistant-receptionist-at-endava-4442009975,Office Assistant/Receptionist,,scraped,2026-07-20T21:53:13.003570,
0aef96c9cd55383c,https://md.linkedin.com/jobs/view/senior-digital-pr-account-manager-at-white-light-digital-marketing-4442726741,Senior Digital PR & Account Manager,White Light Digital Marketing,posted,2026-07-20T21:53:44.064366,531
c64cefe2029f7ea5,https://md.linkedin.com/jobs/view/junior-game-designer-at-playrix-4442580888,Junior Game Designer,,scraped,2026-07-20T21:53:56.982748,
408ec824cb1f711f,https://md.linkedin.com/jobs/view/romanian-to-english-medical-interpreter-vacancy-over-the-phone-vri-wfm-at-future-group-language-solutions-4442528768,Romanian to English Medical Interpreter vacancy Over the phone /VRI WFM,Future Group Language Solutions,posted,2026-07-20T21:54:35.333559,533
ea06f6e696915f21,https://md.linkedin.com/jobs/view/senior-react-native-engineer-at-grid-dynamics-4442540188,Senior React Native Engineer,Grid Dynamics,posted,2026-07-20T21:54:43.957102,535
816c3efb0ac091ce,https://md.linkedin.com/jobs/view/middle-devops-engineer-at-ymk-it-management-4440121358,Middle DevOps Engineer,YMK IT Management,posted,2026-07-20T21:54:58.296328,537
4a3b602fcb38f9d4,https://md.linkedin.com/jobs/view/qa-engineer-for-payments-team-at-gr8-tech-4441630361,QA Engineer for Payments Team,,scraped,2026-07-20T21:55:03.012924,
8c1466e3a33f5862,https://md.linkedin.com/jobs/view/media-assistant-intern-at-comms8-4442735430,Media Assistant - Intern,,scraped,2026-07-21T07:46:25.497561,
767e26bb0ad96fc9,https://md.linkedin.com/jobs/view/reporting-specialist-at-veo-worldwide-services-4443334010,Reporting Specialist,,scraped,2026-07-21T07:47:06.335755,
d5466a4fc7e5d49f,https://md.linkedin.com/jobs/view/senior-user-acquisition-manager-google-at-ruby-labs-4442107032,Senior User Acquisition Manager (Google),Ruby Labs,posted,2026-07-21T07:47:29.536828,539
71d6801572d7bbe4,https://md.linkedin.com/jobs/view/health-insurance-agent-at-ziraya-4442643032,Health Insurance Agent,,scraped,2026-07-21T13:05:15.409698,
59dd1554dd56d8bf,https://md.linkedin.com/jobs/view/erp-implementation-consultant-at-wherewework-jobs-4442623547,ERP Implementation Consultant,wherewework Jobs,posted,2026-07-21T13:05:39.037500,541
da5534d8a3db3187,https://md.linkedin.com/jobs/view/financial-and-business-controller-at-ecofinance-4442622090,Financial and Business Controller,,scraped,2026-07-21T13:06:10.179901,
2187507f5cb8485c,https://md.linkedin.com/jobs/view/software-engineer-microservices-service-mesh-at-wherewework-jobs-4442624459,"Software Engineer, Microservices & Service Mesh",wherewework Jobs,posted,2026-07-21T13:06:30.994872,543
6513897559f614aa,https://md.linkedin.com/jobs/view/fraud-analyst-at-ion-4346017105,Fraud Analyst,,scraped,2026-07-21T13:06:33.725471,
9f55467888928f2a,https://md.linkedin.com/jobs/view/marketing-administrative-assistant-at-veo-worldwide-services-4443321436,Marketing Administrative Assistant,,scraped,2026-07-21T13:06:48.525327,
acc221aa849b93ce,https://md.linkedin.com/jobs/view/ios-developer-at-coherent-solutions-4440449521,iOS Developer,Coherent Solutions,posted,2026-07-21T13:06:58.183686,171
5cc3671efa23cf2a,https://md.linkedin.com/jobs/view/corporate-german-trainer-ukrainian-bilingual-at-gofluent-4442614914,Corporate German Trainer (Ukrainian Bilingual),,scraped,2026-07-21T13:07:02.875870,
190da9c0df75f502,https://md.linkedin.com/jobs/view/deputy-controlling-manager-at-veo-worldwide-services-4434481857,Deputy Controlling Manager,,scraped,2026-07-21T13:07:23.346414,
96f9c2367b1ddcc7,https://md.linkedin.com/jobs/view/senior-qa-automation-engineer-c%23-selenium-playwright-at-software-mind-4443363056,"Senior QA Automation Engineer (C#, Selenium /Playwright)",,scraped,2026-07-21T13:07:34.758301,
d4ac5adc07cd05eb,https://md.linkedin.com/jobs/view/senior-infrastructure-engineer-gcp-event-streaming-at-xebia-4431645966,Senior Infrastructure Engineer (GCP / Event Streaming),Xebia,posted,2026-07-21T13:07:54.953332,545
ce7079a3c934af15,https://md.linkedin.com/jobs/view/phlebotomist-outpatient-at-luminis-health-4431545283,Phlebotomist - Outpatient,Luminis Health,posted,2026-07-21T18:52:19.083784,547
b32c53c537d7a4ad,https://md.linkedin.com/jobs/view/key-account-sales-manager-at-farmacia-familiei-4440128029,Key Account Sales Manager,,scraped,2026-07-21T18:52:31.696226,
9ff57ef976e3c86d,https://md.linkedin.com/jobs/view/billing-financial-operations-analyst-at-stefanini-emea-4442085945,Billing & Financial Operations Analyst,Stefanini EMEA,posted,2026-07-21T18:52:50.539453,549
a5bac449ec6db273,https://md.linkedin.com/jobs/view/it-security-engineer-at-zevetone-4440419925,IT & Security Engineer,ZevetOne,posted,2026-07-21T18:53:05.465058,551
35b928f6eda8919b,https://md.linkedin.com/jobs/view/software-engineer-net-core-c%23-at-wherewework-jobs-4442615771,"Software Engineer, .NET Core / C#",wherewework Jobs,posted,2026-07-21T18:53:17.596279,553
1032fc41bcffa63f,https://md.linkedin.com/jobs/view/sr-growth-engineer-fullstack-ts-vue-nodejs-at-n8n-4442731184,Sr Growth Engineer (Fullstack TS/Vue/NodeJS),,scraped,2026-07-21T18:53:36.562414,
41c033fa76a87750,https://md.linkedin.com/jobs/view/business-analyst-fitness-operations-at-coherent-solutions-4440459043,Business Analyst (Fitness Operations),Coherent Solutions,posted,2026-07-21T18:53:49.137903,555
6f47413d8534d02e,https://md.linkedin.com/jobs/view/senior-aso-manager-at-ruby-labs-4443329291,Senior ASO Manager,Ruby Labs,posted,2026-07-21T18:54:11.000501,557
175aed97ab9d6af0,https://md.linkedin.com/jobs/view/communications-specialist-at-caritas-moldova-4440147801,Communications Specialist,,scraped,2026-07-21T23:17:04.265185,
641d36c91ae7ad9a,https://md.linkedin.com/jobs/view/account-manager-english-speaker-at-scrambly-4438723742,Account Manager (English speaker),,scraped,2026-07-22T09:18:34.261962,
02d9a2b8e571c1d7,https://md.linkedin.com/jobs/view/corporate-czech-and-english-trainer-at-gofluent-4443103814,Corporate Czech and English Trainer,,scraped,2026-07-22T09:19:19.389008,
4c3a1773ed3a1598,https://md.linkedin.com/jobs/view/fullstack-technical-lead-react-js-node-js-at-3pillar-4443512597,"Fullstack Technical Lead (React.js, Node.js)",3Pillar,posted,2026-07-22T09:19:38.948900,559
c0f46310d6a971bc,https://md.linkedin.com/jobs/view/senior-java-backend-developer-remote-work-ref%23290295-at-bairesdev-4420465488,Senior Java Backend Developer - Remote Work | REF#290295,BairesDev,posted,2026-07-22T09:19:47.223786,561
3e7c28167f0e90c6,https://md.linkedin.com/jobs/view/recruitment-consultant-at-tbc-consulting-4441023567,Recruitment Consultant,,scraped,2026-07-22T15:54:26.175689,
0ac670d6acdd0179,https://md.linkedin.com/jobs/view/tiktok-shop-live-commerce-manager-at-wherewework-jobs-4443122878,TikTok Shop & Live Commerce Manager,wherewework Jobs,posted,2026-07-22T15:55:09.127370,563
68e27ed7245fee99,https://md.linkedin.com/jobs/view/digital-strategy-consultant-at-wherewework-jobs-4443129536,Digital Strategy Consultant,wherewework Jobs,posted,2026-07-22T15:55:22.017792,565
382a3e3f0148a99d,https://md.linkedin.com/jobs/view/business-analyst-product-owner-at-grid-dynamics-4443928583,Business Analyst / Product Owner,Grid Dynamics,posted,2026-07-22T15:55:37.623594,567
dd2975ca9493a808,https://md.linkedin.com/jobs/view/project-quality-manager-4443303928,Project Quality Manager,Cabling Integration Systems,posted,2026-07-22T15:55:45.950363,569
2d25263bbe295896,https://md.linkedin.com/jobs/view/full-stack-developer-net%2B-react-at-amdaris-4443916982,Full stack Developer (.NET+ React),,scraped,2026-07-22T15:55:54.643252,
6d2f358ca91598c1,https://md.linkedin.com/jobs/view/corporate-swedish-and-english-trainer-at-gofluent-4443118308,Corporate Swedish and English Trainer,,scraped,2026-07-22T15:56:05.364201,
415da59b10eede8e,https://md.linkedin.com/jobs/view/mobile-react-native-developer-at-software-mind-4443900361,Mobile React Native Developer,,scraped,2026-07-22T15:56:15.408318,
be160b554b78c787,https://md.linkedin.com/jobs/view/staff-software-engineer-java-remote-work-ref%23290035-at-bairesdev-4420456733,Staff Software Engineer (Java) - Remote Work | REF#290035,BairesDev,posted,2026-07-22T15:56:38.824551,571
dfb8dfcb64f09b49,https://md.linkedin.com/jobs/view/senior-software-engineer-scala-remote-work-ref%23290225-at-bairesdev-4420466323,Senior Software Engineer (Scala) - Remote Work | REF#290225,BairesDev,posted,2026-07-22T15:56:54.973510,573
dee5c3e38e2f3a67,https://md.linkedin.com/jobs/view/seo-specialist-at-ruby-labs-4443987627,SEO Specialist,Ruby Labs,posted,2026-07-22T20:21:28.784427,575
93ee45f4a1ff5e57,https://md.linkedin.com/jobs/view/python-engineer-at-rocman-recruiting-4443981172,Python Engineer,,scraped,2026-07-22T20:21:33.562794,
370dded88ff4e3ea,https://md.linkedin.com/jobs/view/software-engineer-low-latency-trading-systems-at-wherewework-jobs-4442626468,"Software Engineer, Low-Latency Trading Systems",wherewework Jobs,posted,2026-07-22T20:21:58.392425,577
dbbd6c3517d756a2,https://md.linkedin.com/jobs/view/ai-enablement-trainer-%E2%80%94-head-of-bfsi-solutions-level-at-neurons-lab-4443999277,AI Enablement Trainer — Head of BFSI Solutions level,,scraped,2026-07-22T20:22:03.020626,
6bad632f6ea8ac87,https://md.linkedin.com/jobs/view/corporate-slovak-and-english-trainer-at-gofluent-4443120231,Corporate Slovak and English Trainer,,scraped,2026-07-22T20:22:13.738843,
ca1ed807a3383aa3,https://md.linkedin.com/jobs/view/lead-backend-amp-data-engineer-at-avenga-water-well-service-llc-4443963979,Lead Backend &amp; Data Engineer,"Avenga Water Well Service, LLC",posted,2026-07-22T20:22:32.148983,579
378a60d8a596e38e,https://md.linkedin.com/jobs/view/corporate-dutch-trainer-english-bilingual-at-gofluent-4443792031,Corporate Dutch Trainer (English Bilingual),,scraped,2026-07-22T20:22:40.876705,
c872757ef285d467,https://md.linkedin.com/jobs/view/sports-data-editor-english-ro-md-at-simply-tv-4443950136,Sports Data Editor - English (RO/MD),,scraped,2026-07-23T07:45:12.112173,
b72b08ff9ff81499,https://md.linkedin.com/jobs/view/corporate-english-trainer-at-gofluent-4444401193,Corporate English Trainer,,scraped,2026-07-23T07:45:45.133237,
0e899dca92827be8,https://md.linkedin.com/jobs/view/financial-controller-at-summa-turizm-yat%C4%B1r%C4%B1mc%C4%B1l%C4%B1%C4%9F%C4%B1-a-%C5%9F-4422949598,Financial Controller,,scraped,2026-07-23T07:46:03.410581,
af35409c61665118,https://md.linkedin.com/jobs/view/back-office-employee-at-arvi-invest-ro-srl-4440464354,Back Office Employee,ARVI INVEST RO SRL,posted,2026-07-23T07:46:21.967027,581
605d20d8c8eeb0aa,https://md.linkedin.com/jobs/view/%D0%BE%D0%BF%D0%B5%D1%80%D0%B0%D1%82%D0%BE%D1%80-%D0%BF%D0%B5%D1%80%D0%B5%D0%BF%D0%B8%D1%81%D0%BA%D0%B8-%D0%B2-%D1%87%D0%B0%D1%82-%D1%83%D0%B4%D0%B0%D0%BB%D0%B5%D0%BD%D0%BD%D0%B0%D1%8F-%D1%80%D0%B0%D0%B1%D0%BE%D1%82%D0%B0-at-intrepid-dorich-service-4443538556,Оператор переписки в чат удаленная работа,Intrepid Dorich service,failed|wp_post_failed,2026-07-23T07:46:46.439242,
f65a6e43283356c5,https://md.linkedin.com/jobs/view/network-operations-center-engineer-at-adtelligent-inc-4440142228,Network Operations Center Engineer,Adtelligent Inc.,posted,2026-07-23T07:47:12.566255,583
fe40193384eee854,https://md.linkedin.com/jobs/view/driver-care-manager-chisinau-office-on-site-at-egala-4443745936,Driver Care Manager / Chisinau Office (on-site),,scraped,2026-07-23T07:47:17.178167,
b23604fb3a244906,https://md.linkedin.com/jobs/view/talent-development-specialist-at-toptal-4443978983,Talent Development Specialist,Toptal,posted,2026-07-23T07:47:38.555619,585
ac5a933d965eb9da,https://md.linkedin.com/jobs/view/corporate-polish-trainer-english-bilingual-at-gofluent-4443779520,Corporate Polish Trainer (English Bilingual),,scraped,2026-07-23T07:47:41.442614,
23f7f04a54cd3775,https://md.linkedin.com/jobs/view/corporate-polish-trainer-english-bilingual-at-gofluent-4443116329,Corporate Polish Trainer (English Bilingual),,scraped,2026-07-23T07:47:49.832588,
29da0418625d84c9,https://md.linkedin.com/jobs/view/software-engineer-erp-integration-sap-oracle-at-wherewework-jobs-4443136252,"Software Engineer, ERP Integration (SAP/Oracle)",wherewework Jobs,posted,2026-07-23T07:48:08.800736,587
fa48a082ab6a96c7,https://md.linkedin.com/jobs/view/nis2-dora-compliance-specialist-at-wherewework-jobs-4443127616,NIS2 & DORA Compliance Specialist,wherewework Jobs,posted,2026-07-23T07:48:21.829596,589
9540c0979b10fd25,https://md.linkedin.com/jobs/view/asistent-pentru-gestiunea-digitala-a-stocurilor-m%C4%83rfurilor-at-veo-worldwide-services-4431696238,Asistent pentru Gestiunea Digitala a Stocurilor & Mărfurilor,,scraped,2026-07-23T07:48:40.641106,
d5346ca7bd8c34d2,https://md.linkedin.com/jobs/view/registered-ultrasound-technologist-at-luminis-health-4441060114,Registered Ultrasound Technologist,Luminis Health,posted,2026-07-23T07:48:57.101017,591
69d6a23037e7c100,https://md.linkedin.com/jobs/view/corporate-english-trainer-at-gofluent-4443823201,Corporate English Trainer,,scraped,2026-07-23T13:15:21.865995,
5cd0f2569a4e80e6,https://md.linkedin.com/jobs/view/product-manager-client-config-hub-at-paymentology-4443387380,Product Manager - Client Config Hub,,scraped,2026-07-23T13:15:41.791098,
ae59203e2ab75e95,https://md.linkedin.com/jobs/view/retail-operations-coordinator-at-wherewework-jobs-4441728127,Retail Operations Coordinator,wherewework Jobs,posted,2026-07-23T13:16:02.042594,507
d7e436bd2c8c17cf,https://md.linkedin.com/jobs/view/human-resources-manager-21-000-mdl-at-hr-hub-4444286900,Human Resources Manager | 21 000 MDL,HR HUB,posted,2026-07-23T13:16:21.129584,593
b1c70f7c394a068e,https://md.linkedin.com/jobs/view/ml-engineer-speech-recognition-synthesis-at-wherewework-jobs-4443131474,"ML Engineer, Speech Recognition & Synthesis",wherewework Jobs,posted,2026-07-23T13:16:35.021399,595
330171eb2d4a5770,https://md.linkedin.com/jobs/view/director-ops-at-lifestance-health-4443492049,Director - Ops,LifeStance Health,posted,2026-07-23T13:16:52.895630,597
e168470c5c084dac,https://md.linkedin.com/jobs/view/deeptech-co-founder-cso-100-%25-remote-m-f-d-at-ewor-4441332827,DeepTech Co-Founder / CSO (100 % remote) (m/f/d),,scraped,2026-07-23T13:16:55.575472,
16870c7e5236f46e,https://md.linkedin.com/jobs/view/devops-engineer-gitops-argocd-at-wherewework-jobs-4441707971,"DevOps Engineer, GitOps & ArgoCD",wherewework Jobs,posted,2026-07-23T13:17:18.027741,599
85949f97f5074f70,https://md.linkedin.com/jobs/view/full-stack-developer-python-%2B-js-with-data-support-remote-work-ref%23296700-at-bairesdev-4435346109,Full Stack Developer - Python + JS with Data Support - Remote Work | REF#296700,BairesDev,posted,2026-07-23T13:17:27.632996,601
f051cf3861e175ac,https://md.linkedin.com/jobs/view/senior-software-engineer-java-remote-work-ref%23289991-at-bairesdev-4420447993,Senior Software Engineer (Java) - Remote Work | REF#289991,BairesDev,posted,2026-07-23T13:17:37.201972,603
4001165484e524c2,https://md.linkedin.com/jobs/view/java-technical-support-engineer-remote-work-ref%23296677-at-bairesdev-4435344138,Java Technical Support Engineer - Remote Work | REF#296677,BairesDev,posted,2026-07-23T13:17:45.434008,605
c6bca96cdede425f,https://md.linkedin.com/jobs/view/react-native-developer-mid-senior-at-software-mind-4444436154,React Native Developer (Mid/Senior),,scraped,2026-07-23T13:17:52.158661,
fb0545685cbf0333,https://md.linkedin.com/jobs/view/corporate-german-trainer-ukrainian-bilingual-at-gofluent-4440484062,Corporate German Trainer (Ukrainian Bilingual),,scraped,2026-07-23T13:18:10.181946,
19883ecf83884871,https://md.linkedin.com/jobs/view/corporate-german-trainer-ukrainian-bilingual-at-gofluent-4442643718,Corporate German Trainer (Ukrainian Bilingual),,scraped,2026-07-23T13:18:18.665813,
3a29f5ba4cb43180,https://md.linkedin.com/jobs/view/interior-designer-at-mora-design-studio-4439274799,Interior Designer,Mora design studio,failed|wp_post_failed,2026-07-23T18:23:22.739096,
834606beb6fc7b70,https://md.linkedin.com/jobs/view/graphic-designer-fmcg-chi%C8%99in%C4%83u-at-filletti-group-4441506272,Graphic Designer (FMCG) | Chișinău,,scraped,2026-07-23T18:23:39.536620,
2f9da75337cb6303,https://md.linkedin.com/jobs/view/global-delivery-partnerships-lead-at-penta-global-limited-4442730592,Global Delivery & Partnerships Lead,,scraped,2026-07-23T18:23:48.873560,
04a242231d6090f4,https://md.linkedin.com/jobs/view/early-childhood-educator-at-chisinau-international-preschool-chips-4440439803,Early Childhood Educator,,scraped,2026-07-23T18:24:08.300951,
e9aeaa32b6c3c5bf,https://md.linkedin.com/jobs/view/german-speaking-customer-support-representative-m-f-d-at-autodoc-4434648705,German speaking Customer Support Representative (m/f/d),,scraped,2026-07-23T18:24:32.696317,
9535f1d5305bae4d,https://md.linkedin.com/jobs/view/frontend-engineer-angular-rxjs-at-wherewework-jobs-4443847520,"Frontend Engineer, Angular & RxJS",wherewework Jobs,failed|wp_post_failed,2026-07-23T18:24:52.444591,
bd14cdda4a28b908,https://md.linkedin.com/jobs/view/investment-associate-at-partnerone-4442142558,Investment Associate,PartnerOne,failed|wp_post_failed,2026-07-23T18:25:00.226522,
27e51970343ceae1,https://md.linkedin.com/jobs/view/key-account-sales-manager-at-asbc-moldova-ispace-apple-premium-reseller-4441053343,Key Account Sales Manager,,scraped,2026-07-23T18:25:05.010970,
d498cfd3ff65b331,https://md.linkedin.com/jobs/view/senior-data-analyst-product-analytics-amplitude-mixpanel-at-wherewework-jobs-4442612954,"Senior Data Analyst, Product Analytics (Amplitude/Mixpanel)",wherewework Jobs,failed|wp_post_failed,2026-07-23T18:25:31.137451,
b0dfa4aaf705f2ba,https://md.linkedin.com/jobs/view/regional-marketing-manager-food-and-pharma-business-apjem-asia-pacific-japan-emerging-markets-at-thermo-fisher-scientific-4443090952,"Regional Marketing Manager, Food and Pharma business, APJEM (Asia Pacific Japan Emerging Markets)",Thermo Fisher Scientific,failed|wp_post_failed,2026-07-23T18:25:44.740884,
1ad6122d808573ae,https://md.linkedin.com/jobs/view/technical-ai-engagement-lead-at-neurons-lab-4444447590,Technical AI Engagement Lead,,scraped,2026-07-23T18:25:47.362199,
62a7215c5e647d3c,https://md.linkedin.com/jobs/view/online-marketing-manager-mediabuyer-junior-medior-at-adhoq-4441082484,Online Marketing Manager - Mediabuyer (Junior/Medior),,scraped,2026-07-23T23:16:44.620352,
f7b4d2501b330919,https://md.linkedin.com/jobs/view/game-designer-pc-console-at-artdock-4429896625,"Game designer (PC, Console)",,scraped,2026-07-23T23:17:21.424770,
3bf0f7cdf76aaf54,https://md.linkedin.com/jobs/view/rta-assistant-at-twinning-project-in-moldova-competition-field-4441097746,RTA Assistant,Twinning Project in Moldova: Competition field,failed|wp_post_failed,2026-07-23T23:17:33.951212,
a8c4a4d8c2f59f88,https://md.linkedin.com/jobs/view/senior-technical-business-analyst-api-design-at-amdaris-4444455473,Senior Technical Business Analyst (API Design),,scraped,2026-07-23T23:18:12.582191,
43fa788b6d6e33aa,https://md.linkedin.com/jobs/view/ai-video-editor-team-lead-at-capslock-4443515318,AI Video Editor Team Lead,,scraped,2026-07-23T23:18:19.143159,
fab903c37b8f332d,https://md.linkedin.com/jobs/view/sales-manager%E2%80%94-energie-verde-b2b-at-qgroup-talents-4441035574,Sales Manager— Energie verde (B2B),QGROUP | Talents,failed|wp_post_failed,2026-07-23T23:18:32.899243,
88b27856fd766303,https://md.linkedin.com/jobs/view/corporate-slovak-and-english-trainer-at-gofluent-4443783339,Corporate Slovak and English Trainer,,scraped,2026-07-23T23:18:37.563221,
ff20a9aeb892d70e,https://md.linkedin.com/jobs/view/corporate-slovak-and-english-trainer-at-gofluent-4443820227,Corporate Slovak and English Trainer,,scraped,2026-07-23T23:18:45.314905,
1f109eb7012279b9,https://md.linkedin.com/jobs/view/vacancy-notice-for-the-assistant-to-the-resident-twinning-advisor-rta-at-eubam-libya-4444055849,Vacancy notice for the Assistant to the Resident Twinning Advisor (RTA),,scraped,2026-07-24T09:12:31.549100,
f8f89b17085f5b08,https://md.linkedin.com/jobs/view/brand-manager-premium-spirits-temporar-at-coca-cola-hbc-4444438508,Brand Manager (Premium Spirits) - Temporar,,scraped,2026-07-24T09:12:47.534483,
bd276cb3a8b4ef42,https://md.linkedin.com/jobs/view/inginer-%C3%AEn-securitatea-informa%C8%9Biei-at-maib-4441582711,Inginer în Securitatea Informației,,scraped,2026-07-24T09:13:34.082113,
a83128b64635c09e,https://md.linkedin.com/jobs/view/business-owner-in-moldova-i-logistics-e-commerce-at-mail-boxes-etc-worldwide-development-4443934272,Business Owner in Moldova I Logistics & E-commerce,,scraped,2026-07-24T09:13:51.661019,
d024cca1d3a17598,https://md.linkedin.com/jobs/view/corporate-polish-trainer-english-bilingual-at-gofluent-4443819239,Corporate Polish Trainer (English Bilingual),,scraped,2026-07-24T09:14:01.014755,
df936ba56a0dcf74,https://md.linkedin.com/jobs/view/corporate-czech-and-english-trainer-at-gofluent-4443822219,Corporate Czech and English Trainer,,scraped,2026-07-24T09:14:11.767363,
cb5a3990c65c2caa,https://md.linkedin.com/jobs/view/database-administrator-at-amdaris-4444970770,Database Administrator,,scraped,2026-07-24T15:19:07.397117,
955a16c580a195c6,https://md.linkedin.com/jobs/view/bid-and-proposal-manager-at-salt-edge-4441594142,Bid and Proposal Manager,Salt Edge,posted,2026-07-24T15:19:27.430559,607
cc4590f015f0673c,https://md.linkedin.com/jobs/view/junior-hr-specialist-at-us-software-solutions-4444345974,Junior HR Specialist,,scraped,2026-07-24T15:19:36.038018,
526056b11affb5a1,https://md.linkedin.com/jobs/view/change-management-consultant-at-wherewework-jobs-4444339604,Change Management Consultant,wherewework Jobs,posted,2026-07-24T15:19:56.266065,609
f1eb9d7fbb79b543,https://md.linkedin.com/jobs/view/deadline-extended-national-individual-consultant-to-adapt-the-edutech-lab-institutionalisation-guide-chisinau-moldova-3-months-at-unicef-chad-4444289984,"Deadline extended: National Individual Consultant to adapt the EduTech Lab Institutionalisation Guide (Chisinau, Moldova), 3 months",Unicef CHAD,posted,2026-07-24T15:20:17.973718,611
d8f0523f9d46af17,https://md.linkedin.com/jobs/view/edtech-co-founder-head-of-growth-100-%25-remote-m-f-d-at-ewor-4444345287,EdTech Co-Founder / Head of Growth (100 % remote) (m/f/d),,scraped,2026-07-24T15:20:22.606925,
08353fbb1667e709,https://md.linkedin.com/jobs/view/cro-growth-manager-at-ruby-labs-4444726191,CRO & Growth Manager,Ruby Labs,posted,2026-07-24T15:20:37.368198,613
220b232e24353c6e,https://md.linkedin.com/jobs/view/corporate-dutch-trainer-english-bilingual-at-gofluent-4443832147,Corporate Dutch Trainer (English Bilingual),,scraped,2026-07-24T15:20:50.129120,
3bcb33ec1ee71695,https://md.linkedin.com/jobs/view/senior-react-native-engineer-at-grid-dynamics-4440109656,Senior React Native Engineer,Grid Dynamics,posted,2026-07-24T15:21:07.823720,535
878ff28a90d0c7a5,https://md.linkedin.com/jobs/view/corporate-czech-and-english-trainer-at-gofluent-4443787220,Corporate Czech and English Trainer,,scraped,2026-07-24T20:50:10.805112,
5a2291b06d30670b,https://md.linkedin.com/jobs/view/information-systems-integration-engineer-4441592437,Information Systems Integration Engineer,National Emergency Service 112,posted,2026-07-24T20:50:31.551321,615
a14acc0e3d3818d4,https://md.linkedin.com/jobs/view/asistent-comunicare-%C8%99i-csr-at-moldcell-4444055618,Asistent Comunicare și CSR,,scraped,2026-07-25T06:42:51.805665,
42df81685e360717,https://md.linkedin.com/jobs/view/sci-17-00-534-pd-%E2%80%93-expert-%C4%83-principal-%C4%83-responsabil-%C4%83-de-deplas%C4%83ri-de-serviciu-at-national-bank-of-moldova-4443531284,SCI-17-00-534-PD – Expert(ă) principal(ă) responsabil(ă) de deplasări de serviciu,,scraped,2026-07-25T06:43:20.083334,
22337afa326505b6,https://md.linkedin.com/jobs/view/deadline-extended-national-individual-consultant-to-adapt-the-edutech-lab-institutionalisation-guide-chisinau-moldova-3-months-at-unicef-4444423367,"Deadline extended: National Individual Consultant to adapt the EduTech Lab Institutionalisation Guide (Chisinau, Moldova), 3 months",UNICEF,posted,2026-07-25T06:43:43.261520,617
f8813e277bd150e0,https://md.linkedin.com/jobs/view/quality-engineer-moldova-at-yopeso-4444959203,Quality Engineer - Moldova,,scraped,2026-07-25T06:43:49.812828,
a0c9a0a58079671f,https://md.linkedin.com/jobs/view/off-site-specialist-link-builder-at-airadvisor-4441598327,Off-Site Specialist / Link builder,AirAdvisor,posted,2026-07-25T06:44:12.134616,619
da80384154f97054,https://md.linkedin.com/jobs/view/solution-lead-infrastructure-at-stefanini-emea-4420245234,Solution Lead Infrastructure,Stefanini EMEA,posted,2026-07-25T06:44:42.423510,621
1f15fb7b7a34f1d5,https://md.linkedin.com/jobs/view/billing-clerk-internship-chisinau-office-at-deloitte-4441532959,Billing Clerk Internship | Chisinau Office,Deloitte,posted,2026-07-25T06:44:57.730868,623
85a2d03a54326c05,https://md.linkedin.com/jobs/view/hci-automation-consultant-at-stefanini-emea-4384995723,HCI Automation Consultant,Stefanini EMEA,posted,2026-07-25T06:45:16.981755,625
7d1436cc54a6ecf2,https://md.linkedin.com/jobs/view/cybersecurity-co-founder-cfo-100-%25-remote-m-f-d-at-ewor-4444390515,Cybersecurity Co-Founder / CFO (100 % remote) (m/f/d),,scraped,2026-07-25T06:45:29.619635,
633c4ba6645a532e,https://md.linkedin.com/jobs/view/head-of-marketing-marketing-manager-at-connect-imobil-4441829004,Head of Marketing / Marketing Manager,,scraped,2026-07-25T11:51:02.469599,
e752de4660c0ec8d,https://md.linkedin.com/jobs/view/marketing-specialist-at-aventus-group-4444322311,Marketing Specialist,Aventus Group,posted,2026-07-25T11:51:24.325136,627
23f432eaa71a9c97,https://md.linkedin.com/jobs/view/change-management-consultant-at-wherewework-jobs-4444338633,Change Management Consultant,wherewework Jobs,posted,2026-07-25T11:51:34.237444,609
0ac9495fae2c2ca8,https://md.linkedin.com/jobs/view/full-stack-net-developer-at-amdaris-4443916982,Full stack .NET Developer,,scraped,2026-07-25T11:51:52.952279,
fc6030a0fdbf7f64,https://md.linkedin.com/jobs/view/hybrid-infrastructure-specialist-technical-solution-sales-at-noventiq-moldova-4441514955,Hybrid Infrastructure Specialist / Technical Solution Sales,,scraped,2026-07-25T11:51:59.815369,
7b57a5e339202102,https://md.linkedin.com/jobs/view/javascript-software-developer-remote-work-ref%23296721-at-bairesdev-4435349000,JavaScript Software Developer - Remote work | REF#296721,BairesDev,posted,2026-07-25T11:52:17.675215,629
f7255f1222f43ffd,https://md.linkedin.com/jobs/view/semi-senior-react-developer-remote-work-ref%23296498-at-bairesdev-4435346098,Semi Senior React Developer - Remote Work | REF#296498,BairesDev,posted,2026-07-25T11:52:38.727675,631
776f7365927f5af3,https://md.linkedin.com/jobs/view/data-engineer-cloud-data-warehousing-bigquery-at-wherewework-jobs-4444685294,"Data Engineer, Cloud Data Warehousing (BigQuery)",wherewework Jobs,posted,2026-07-25T11:52:52.244824,633
a435fbab284b744c,https://md.linkedin.com/jobs/view/%D0%B1%D0%B8%D0%B7%D0%BD%D0%B5%D1%81-%D0%BF%D0%B0%D1%80%D1%82%D0%BD%D1%91%D1%80-4445250258,Бизнес-партнёр,Пространство Выбора,posted,2026-07-25T11:53:03.471617,635
036c6b53d5fb4b57,https://md.linkedin.com/jobs/view/analytics-engineer-metrics-layer-semantic-models-at-wherewework-jobs-4444690265,"Analytics Engineer, Metrics Layer & Semantic Models",wherewework Jobs,posted,2026-07-25T11:53:15.132549,637
68bd9301d6709862,https://md.linkedin.com/jobs/view/semi-senior-react-developer-remote-work-ref%23296502-at-bairesdev-4435338367,Semi Senior React Developer - Remote Work | REF#296502,BairesDev,posted,2026-07-25T11:53:24.732739,639
d6c723fd03672609,https://md.linkedin.com/jobs/view/corporate-swedish-and-english-trainer-at-gofluent-4443780469,Corporate Swedish and English Trainer,,scraped,2026-07-25T11:53:31.415631,
5645af105b3ce998,https://md.linkedin.com/jobs/view/corporate-swedish-and-english-trainer-at-gofluent-4443820226,Corporate Swedish and English Trainer,,scraped,2026-07-25T11:53:40.143237,
d50239b3373e2f2e,https://md.linkedin.com/jobs/view/full-stack-developer-python-%2B-js-with-data-support-remote-work-ref%23296703-at-bairesdev-4435339352,Full Stack Developer - Python + JS with Data Support - Remote Work | REF#296703,BairesDev,posted,2026-07-25T11:53:53.333277,641
6fb59209374a9b8a,https://md.linkedin.com/jobs/view/%C8%99ef-sec%C8%9Bia-re%C5%A3ea-%C8%99i-echipamente-at-otp-bank-moldova-4440436554,Șef Secția Reţea și Echipamente,,scraped,2026-07-25T11:53:57.892071,
426e60e4c4f83903,https://md.linkedin.com/jobs/view/rn-care-manager-baltimore-hybrid-mainly-remote-at-cityblock-health-4445203806,RN Care Manager - Baltimore - Hybrid - Mainly Remote,Cityblock Health,posted,2026-07-25T11:54:17.193845,643
f232b2f364427387,https://md.linkedin.com/jobs/view/principal-software-engineer-java-remote-work-ref%23290136-at-bairesdev-4420452834,Principal Software Engineer (Java) - Remote Work | REF#290136,BairesDev,posted,2026-07-25T11:54:29.142311,645
214576308363564f,https://md.linkedin.com/jobs/view/senior-fullstack-python-developer-remote-work-ref%23296627-at-bairesdev-4435341373,Senior Fullstack Python Developer - Remote Work | REF#296627,BairesDev,posted,2026-07-25T11:54:42.695800,647
5d45a5a1d3833d1a,https://md.linkedin.com/jobs/view/rn-case-manager-montgomery-county-at-cityblock-health-4445214203,RN Case Manager - Montgomery County,Cityblock Health,posted,2026-07-25T11:54:50.419553,649
7627d8b8ad282ff2,https://md.linkedin.com/jobs/view/lead-backend-data-engineer-at-avenga-4443994662,Lead Backend & Data Engineer,,scraped,2026-07-25T11:54:56.979454,
dff52779c88452df,https://md.linkedin.com/jobs/view/azure-devops-engineer-temporary-contract-at-applaudo-4443961074,Azure DevOps Engineer (Temporary Contract),,scraped,2026-07-25T11:55:06.836381,
2fe3429fc3a31e31,https://md.linkedin.com/jobs/view/senior-analyst-app-marketing-bangkok-based-relocation-provided-at-agoda-4410532530,"Senior Analyst, App Marketing (Bangkok Based, Relocation Provided)",Agoda,posted,2026-07-25T11:55:27.963547,651
704d9f8577b554e8,https://md.linkedin.com/jobs/view/business-screening-team-lead-at-toptal-4445326147,Business Screening Team Lead,Toptal,posted,2026-07-25T15:49:49.261912,653
9d5b4fbb1e76fe41,https://md.linkedin.com/jobs/view/consulting-engagement-manager-at-wherewework-jobs-4444676295,Consulting Engagement Manager,wherewework Jobs,posted,2026-07-25T20:15:14.032184,231
2b8b044b1fde7367,https://md.linkedin.com/jobs/view/governance-compliance-manager-at-wherewework-jobs-4444684299,Governance & Compliance Manager,wherewework Jobs,posted,2026-07-25T20:15:27.609341,655
ba8ef3dd5984f482,https://md.linkedin.com/jobs/view/data-engineer-vector-databases-embeddings-at-wherewework-jobs-4444673331,"Data Engineer, Vector Databases & Embeddings",wherewework Jobs,posted,2026-07-25T20:15:37.539745,219
1b8cb5e9b72e5ee8,https://md.linkedin.com/jobs/view/account-manager-key-account-at-asbc-moldova-ispace-apple-premium-reseller-4353835306,Account Manager Key Account,,scraped,2026-07-25T20:15:46.132198,
3854200473c71415,https://md.linkedin.com/jobs/view/assistant-safety-manager-%E2%80%93-u-s-interstate-trucking-4443882368,Assistant Safety Manager – U.S. Interstate Trucking,In Time Transportation Corp,posted,2026-07-26T07:47:14.424819,657
74e0bff8a7177d53,https://md.linkedin.com/jobs/view/tax-coordinator-at-us-software-solutions-4444954191,Tax Coordinator,,scraped,2026-07-26T07:47:30.987733,
585034c7e58346d4,https://md.linkedin.com/jobs/view/manager-de-turism-at-amadeus-travel-lcc-4441096819,Manager de turism,,scraped,2026-07-26T07:47:39.523923,
b2e51cdd96ccdc71,https://md.linkedin.com/jobs/view/devops-consulting-engineer-at-wherewework-jobs-4444676292,DevOps Consulting Engineer,wherewework Jobs,posted,2026-07-26T07:47:56.452071,659
4c7b7346a7882ed6,https://md.linkedin.com/jobs/view/billing-clerk-internship-chisinau-office-at-acca-careers-4445323784,Billing Clerk Internship | Chisinau Office,,scraped,2026-07-26T07:47:59.053468,
bcab46ede234be4d,https://md.linkedin.com/jobs/view/behaviorial-nurse-all-shift-full-time-largo-maryland-ics-at-infinisource-consulting-solutions-inc-4442783141,"Behaviorial Nurse All Shift (Full Time) Largo, Maryland ICS","InfiniSource Consulting Solutions, Inc.",posted,2026-07-26T07:48:22.757379,661
4cc5f7560cae15b6,https://md.linkedin.com/jobs/view/reporting-specialist-at-wherewework-jobs-4444686324,Reporting Specialist,wherewework Jobs,posted,2026-07-26T11:50:18.127062,663
a2f669dad05262a9,https://md.linkedin.com/jobs/view/brand-manager-departamentul-marketing-at-fincombank-sa-4444978261,"Brand Manager, Departamentul Marketing",,scraped,2026-07-26T15:48:23.189143,
4fc9c89e8388e8bd,https://md.linkedin.com/jobs/view/innovation-new-ventures-consultant-at-wherewework-jobs-4444672328,Innovation & New Ventures Consultant,wherewework Jobs,posted,2026-07-26T15:48:46.066547,665
d735de6a8b989a8d,https://md.linkedin.com/jobs/view/production-ai-innovation-lead-contract-remote-at-infuse-4445211830,"Production AI Innovation Lead (Contract, Remote)",INFUSE,posted,2026-07-26T15:48:54.936617,667
cd70a124fbab88a1,https://md.linkedin.com/jobs/view/assistant-office-manager-at-buy-business-class-4440125267,Assistant Office Manager,Buy Business Class,posted,2026-07-26T15:49:13.758543,31
558e5fbb304dc8e7,https://md.linkedin.com/jobs/view/customer-lifecycle-manager-at-wherewework-jobs-4443123895,Customer Lifecycle Manager,wherewework Jobs,posted,2026-07-26T15:49:25.194133,669
efdb5b91b3fa442e,https://md.linkedin.com/jobs/view/senior-qa-engineer-trading-analytics-at-freedx-4444923694,Senior QA Engineer - Trading & Analytics,,scraped,2026-07-26T15:49:27.758593,
367a4371d52a0484,https://md.linkedin.com/jobs/view/director-marketing-at-rogob-4444896700,Director Marketing,,scraped,2026-07-27T10:56:13.645357,
e1ad4ad0e9f0e1b5,https://md.linkedin.com/jobs/view/vacancy-notice-for-the-assistant-to-the-resident-twinning-advisor-rta-at-eubam-libya-4445674332,Vacancy notice for the Assistant to the Resident Twinning Advisor (RTA),,scraped,2026-07-27T10:56:21.904559,
6af066eec0b06cd0,https://md.linkedin.com/jobs/view/manager-achizi%C8%9Bii-at-rogob-4444886817,Manager Achiziții,,scraped,2026-07-27T10:56:39.162068,
b645ee851d6dc85d,https://md.linkedin.com/jobs/view/talent-sourcer-at-wherewework-jobs-4444667824,Talent Sourcer,wherewework Jobs,posted,2026-07-27T10:57:00.078783,671
dc30078bc92df46f,https://md.linkedin.com/jobs/view/business-transformation-consultant-at-wherewework-jobs-4444862383,Business Transformation Consultant,wherewework Jobs,posted,2026-07-27T10:57:15.672653,673
cd0424348cec9d70,https://md.linkedin.com/jobs/view/store-development-manager-at-wherewework-jobs-4444857434,Store Development Manager,wherewework Jobs,posted,2026-07-27T10:57:27.207455,675
f1e1682a58ce9e92,https://md.linkedin.com/jobs/view/moldova-cabin-crew-roles-tax-free-lifestyle-in-abu-dhabi-%2B-full-relocation-support-at-etihad-4441580751,Moldova Cabin Crew Roles (Tax-Free Lifestyle in Abu Dhabi + Full Relocation Support),Etihad,posted,2026-07-27T10:58:33.849965,677
cb698c441c6c33d4,https://md.linkedin.com/jobs/view/system-administrator-at-hora-services-srl-4442821662,System Administrator,,scraped,2026-07-27T10:58:46.473382,
4b2c65c4c49164d5,https://md.linkedin.com/jobs/view/dezvoltator-python-at-wherewework-jobs-4444850418,Dezvoltator Python,wherewework Jobs,posted,2026-07-27T10:59:01.730965,679
f75b12a56cc3cbd7,https://md.linkedin.com/jobs/view/amcham-moldova-intern-position-at-insurance-company-garantie-jsc-4444826296,AmCham Moldova: Intern Position,Insurance Company Garantie JSC,posted,2026-07-27T10:59:12.250295,681
53dac6ca7569c2e9,https://md.linkedin.com/jobs/view/store-supervisor-at-wherewework-jobs-4444854432,Store Supervisor,wherewework Jobs,posted,2026-07-27T10:59:25.576645,355
89b7c437beda20f9,https://md.linkedin.com/jobs/view/brand-manager-departamentul-marketing-durata-determinata-at-fincombank-sa-4444978261,"Brand Manager, Departamentul Marketing (durata determinata)",,scraped,2026-07-27T18:00:26.049439,
27ac3d82170b6711,https://md.linkedin.com/jobs/view/sales-executive-us-market-at-crystalia-glass-llc-4443938034,Sales Executive (US market),Crystalia Glass LLC,posted,2026-07-27T18:00:45.442919,683
0fe894eff0492022,https://md.linkedin.com/jobs/view/operator-operatoare-%C3%AEn-servicii-de-eviden%C8%9B%C4%83-contabil%C4%83-at-rogob-4444879796,Operator / Operatoare în servicii de evidență contabilă,,scraped,2026-07-27T18:01:16.031179,
7a5946f3f4b201b9,https://md.linkedin.com/jobs/view/retail-standards-compliance-manager-at-wherewework-jobs-4444867395,Retail Standards & Compliance Manager,wherewework Jobs,posted,2026-07-27T18:01:39.939729,685
d4c8b98f2996cc74,https://md.linkedin.com/jobs/view/frontend-mobile-app-developer-flutter-freelance-at-parqie-4445937774,Frontend Mobile App Developer - Flutter (Freelance),Parqie,posted,2026-07-27T18:01:54.590674,369
0549fff144ab7dc4,https://md.linkedin.com/jobs/view/data-engineer-hadoop-hive-migration-to-cloud-at-wherewework-jobs-4444861429,"Data Engineer, Hadoop & Hive Migration to Cloud",wherewework Jobs,posted,2026-07-27T18:02:11.077500,687
d4b594e564d4044e,https://md.linkedin.com/jobs/view/%C8%99ef-serviciu-procesare-lead-uri-at-moldtelecom-4442846490,Șef Serviciu procesare lead-uri,,scraped,2026-07-27T18:02:17.716177,
dc77b65f5275fb14,https://md.linkedin.com/jobs/view/%C8%99ef-magazin-specializat-rogob-or-chi%C8%99in%C4%83u-at-rogob-4444883814,Șef magazin specializat Rogob (or. Chișinău),,scraped,2026-07-27T18:02:26.933189,
464eb43010a1d835,https://md.linkedin.com/jobs/view/android-engineer-at-maib-4441540099,Android Engineer,,scraped,2026-07-27T18:02:34.938411,
7eac581393ca8d29,https://md.linkedin.com/jobs/view/inginer-exploatare-sisteme-drone-%C8%99i-antidrone-at-sc-rapid-link-srl-4442824634,Inginer exploatare sisteme drone și antidrone,,scraped,2026-07-27T18:02:48.488751,
1d9d7cd54904c180,https://md.linkedin.com/jobs/view/specialist-specialist%C4%83-arhivare-at-moldcell-4445948812,Specialist/Specialistă arhivare,,scraped,2026-07-27T21:52:05.403878,
fb3488dca7ce2866,https://md.linkedin.com/jobs/view/colector-comenzi-la-depozit-at-rogob-4444896707,Colector Comenzi la Depozit,,scraped,2026-07-27T21:52:15.738978,
12f9597e90c27058,https://md.linkedin.com/jobs/view/v%C3%A2nz%C4%83tor-casier-or-orhei-at-rogob-4444888719,Vânzător-casier (or. Orhei),,scraped,2026-07-27T21:52:24.062011,
67a3a1636025c63a,https://md.linkedin.com/jobs/view/maib-specialist-servicii-clien%C8%9Bi-chi%C8%99in%C4%83u-at-insurance-company-garantie-jsc-4444836028,MAIB: Specialist servicii clienți | Chișinău,Insurance Company Garantie JSC,posted,2026-07-27T21:53:22.799070,689
ca76417d8f008f97,https://md.linkedin.com/jobs/view/cloud-infrastructure-engineer-aws-at-wherewework-jobs-4444856454,Cloud Infrastructure Engineer (AWS),wherewework Jobs,posted,2026-07-27T21:53:32.238486,333
566214853f0839bf,https://md.linkedin.com/jobs/view/sports-data-collector-football-tiraspol-moldova-at-genius-sports-4414311655,"Sports Data Collector (Football) - Tiraspol, Moldova",,scraped,2026-07-27T21:53:58.581915,
1c841b95d93cfb8a,https://md.linkedin.com/jobs/view/senior-qa-automation-engineer-c%23-and-java-selenium-playwright-at-software-mind-4443795510,"Senior QA Automation Engineer (C# and Java, Selenium /Playwright)",,scraped,2026-07-27T21:54:20.993959,
4999734fd74e9068,https://md.linkedin.com/jobs/view/vacancy-notice-for-the-assistant-to-the-resident-twinning-advisor-rta-at-eubam-libya-4446153798,Vacancy notice for the Assistant to the Resident Twinning Advisor (RTA),,scraped,2026-07-28T07:48:34.822097,
6723aa5019b68c48,https://md.linkedin.com/jobs/view/airport-passenger-support-freelance-at-flighthelp-4445406046,Airport Passenger Support (Freelance),FlightHelp,posted,2026-07-28T07:48:56.076409,691
caf79c23d4e53330,https://md.linkedin.com/jobs/view/maistru-departament-produc%C8%9Bie-at-rogob-4444887784,Maistru (departament Producție),,scraped,2026-07-28T07:48:58.440095,
b4c13f418692309e,https://md.linkedin.com/jobs/view/https-affgem-com-manager-geoff-bender-at-affgem-4445444650,https://affgem.com/manager/geoff-bender/,,scraped,2026-07-28T07:49:09.973568,
699e581d92d8adc0,https://md.linkedin.com/jobs/view/agent-comer%C8%9B-or-criuleni-at-rogob-4444891703,Agent comerț (or. Criuleni),,scraped,2026-07-28T07:49:44.046126,
6eaad94dc024814c,https://md.linkedin.com/jobs/view/contabil-facturare-cu-franceza-at-wherewework-jobs-4444852430,Contabil facturare (Cu Franceza),wherewework Jobs,posted,2026-07-28T07:50:03.407456,693
bf4050438e48658b,https://md.linkedin.com/jobs/view/ai-engineer-technical-product-owner-at-foxelli-group-4445917213,AI Engineer (Technical Product Owner),,scraped,2026-07-28T07:50:12.079125,
e89e2ed578c944f0,https://md.linkedin.com/jobs/view/v%C3%A2nz%C4%83tor-casier-produse-alimentare-or-h%C3%A2nce%C8%99ti-at-rogob-4444890745,Vânzător-casier produse alimentare (or. Hâncești),,scraped,2026-07-28T07:50:20.080959,
d3fad643eede070d,https://md.linkedin.com/jobs/view/v%C3%A2nz%C4%83tor-casier-or-ungheni-at-rogob-4444895728,Vânzător-casier (or. Ungheni),,scraped,2026-07-28T07:50:26.907940,
730bfded3b2ebaa8,https://md.linkedin.com/jobs/view/move-to-new-zealand-senior-software-engineer-at-propellerhead-4445406066,Move to New Zealand - Senior Software Engineer,,scraped,2026-07-28T07:51:01.999946,
1be9a289eeb65134,https://md.linkedin.com/jobs/view/grading-operator-at-breezy%21-4443251659,Grading operator,,scraped,2026-07-28T15:55:40.370009,
5303acb926831a66,https://md.linkedin.com/jobs/view/engineering-manager-remote-europe-at-n8n-4446125007,Engineering Manager | Remote | Europe,,scraped,2026-07-28T15:56:04.439173,
ff2213053ff0d4fc,https://md.linkedin.com/jobs/view/monitoring-and-evaluation-information-management-assistant-at-iom-un-migration-4445489352,Monitoring and Evaluation / Information Management Assistant,IOM - UN Migration,posted,2026-07-28T15:56:39.391259,695
8cdf544ae99474ef,https://md.linkedin.com/jobs/view/auditor-at-moore-ro-md-4443278833,Auditor,,scraped,2026-07-28T15:56:43.968619,
88d23f940fc6b93a,https://md.linkedin.com/jobs/view/ai-infrastructure-co-founder-cso-100-%25-remote-m-f-d-at-ewor-4444397145,AI Infrastructure Co-Founder / CSO (100 % remote) (m/f/d),,scraped,2026-07-28T15:56:53.037890,
4ef6a45d26b792e7,https://md.linkedin.com/jobs/view/trainer-on-border-management-and-leadership-at-iom-un-migration-4445955021,Trainer on Border Management and Leadership,IOM - UN Migration,posted,2026-07-28T15:57:18.435135,697
4dc5b3939b0e0680,https://md.linkedin.com/jobs/view/full-stack-developer-node-js-%2B-vue-js-at-wherewework-jobs-4444868387,Full Stack Developer (Node.js + Vue.js),wherewework Jobs,posted,2026-07-28T15:57:27.352366,305
9af9966c243b84c3,https://md.linkedin.com/jobs/view/integrations-analyst-m-f-d-at-autodoc-4445725437,Integrations Analyst (m/f/d),,scraped,2026-07-28T15:57:46.003277,
fce70afd18071ff9,https://md.linkedin.com/jobs/view/buc%C4%83tar-magazin-specializat-chisinau-balti-ungheni-comrat-at-rogob-4444876801,"Bucătar magazin specializat (Chisinau, Balti, Ungheni, Comrat)",,scraped,2026-07-28T15:57:56.319067,
029a0f24426866ad,https://md.linkedin.com/jobs/view/angular-developer-automotive-energy-at-coherent-solutions-4443603219,Angular Developer (Automotive & Energy),Coherent Solutions,posted,2026-07-28T15:58:14.943240,699
c5cd301a81406be2,https://md.linkedin.com/jobs/view/bookkeeper-at-us-software-solutions-4444924869,Bookkeeper,,scraped,2026-07-28T20:38:03.295718,
06a4c3af5278094c,https://md.linkedin.com/jobs/view/multi-site-retail-manager-at-wherewework-jobs-4444871362,Multi-Site Retail Manager,wherewework Jobs,posted,2026-07-28T20:38:20.880603,701
986a2cdd152b8f9e,https://md.linkedin.com/jobs/view/head-of-digital-channels-marketing-at-maib-4443243163,Head of Digital Channels | Marketing,,scraped,2026-07-28T20:38:27.527962,
d04ce1599c0d1dbd,https://md.linkedin.com/jobs/view/head-of-bfsi-solutions-at-neurons-lab-4445956024,Head of BFSI Solutions,,scraped,2026-07-28T20:38:38.972759,
e12fe2f9b3ea5e65,https://md.linkedin.com/jobs/view/coordonator-de-echip%C4%83-cu-limba-franceza-at-wherewework-jobs-4444861428,Coordonator de Echipă ( cu limba franceza),wherewework Jobs,posted,2026-07-28T20:39:11.824991,703
c56daaffdb25130f,https://md.linkedin.com/jobs/view/senior-unity-developer-at-ingamejob-com-4444884968,Senior Unity Developer,,scraped,2026-07-28T20:39:44.451421,
96796d0f747c9d3f,https://md.linkedin.com/jobs/view/cybersecurity-risk-analyst-moldova-at-yopeso-4446199036,Cybersecurity Risk Analyst - Moldova,,scraped,2026-07-28T20:39:55.416224,
8a47426e33e3fcc1,https://md.linkedin.com/jobs/view/marketing-campaign-coordinator-junior-specialist-at-infuse-4445490645,Marketing Campaign Coordinator (Junior Specialist),INFUSE,posted,2026-07-29T08:03:01.016428,705
ead39763bb80f621,https://md.linkedin.com/jobs/view/project-manager-at-moldcell-4446372426,Project Manager,,scraped,2026-07-29T08:03:16.588946,
480feb4349808c43,https://md.linkedin.com/jobs/view/monitoring-and-evaluation-information-management-assistant-at-vacancies-at-iom-indonesia-4446398100,Monitoring and Evaluation / Information Management Assistant,Vacancies at IOM Indonesia,posted,2026-07-29T08:03:31.809575,695
be4f9758c22cd392,https://md.linkedin.com/jobs/view/analist-comercial-%C8%99i-financiar-entry-level-at-rusagro-prim-4446009976,Analist Comercial și Financiar (Entry Level),Rusagro-Prim,posted,2026-07-29T08:03:40.901680,707
647322521782777c,https://md.linkedin.com/jobs/view/brand-manager-fmcg-chi%C8%99in%C4%83u-at-filletti-group-4441090968,Brand Manager (FMCG) | Chișinău,,scraped,2026-07-29T08:03:49.496579,
1d1cddf32ffc17f0,https://md.linkedin.com/jobs/view/retail-standards-compliance-manager-at-wherewework-jobs-4444847773,Retail Standards & Compliance Manager,wherewework Jobs,posted,2026-07-29T08:04:06.079901,685
fbc6505c06eddddc,https://md.linkedin.com/jobs/view/senior-software-engineer-ai-interaction-evaluator-codex-claude-code-up-to-%24200-hr-at-g2i-inc-4445475956,"Senior Software Engineer - AI Interaction Evaluator (Codex / Claude Code, up to $200/hr)",G2i Inc.,posted,2026-07-29T08:04:44.569990,709
1da4c7b4119b3805,https://md.linkedin.com/jobs/view/criminal-history-dps-forms-at-terlingua-csd-4446047894,Criminal History/ DPS Forms,Terlingua CSD,posted,2026-07-29T15:59:37.924470,711
0c8cebfff4b47dcf,https://md.linkedin.com/jobs/view/jmhz-vady-pod%C3%A1n%C3%AD-a-oprava-chyb-at-du-cz-4446534650,JMHZ - vady podání a oprava chyb,DU.cz,posted,2026-07-29T16:00:02.906948,713
911bab115c176396,https://md.linkedin.com/jobs/view/electromecanic-la-instalarea-%C8%99i-%C3%AEntre%C8%9Binerea-utilajului-industrial-at-rusagro-prim-4446019844,Electromecanic la instalarea și întreținerea utilajului industrial,Rusagro-Prim,posted,2026-07-29T16:00:15.077968,715
423858988e1bcc20,https://md.linkedin.com/jobs/view/liveops-manager-at-scrambly-4446058340,LiveOps Manager,,scraped,2026-07-29T16:00:17.784701,
3899e38cd6716aa4,https://md.linkedin.com/jobs/view/ifrs-assurance-specialist-at-wherewework-jobs-4444855451,IFRS Assurance Specialist,wherewework Jobs,posted,2026-07-29T16:00:34.225506,717
d04f788984594927,https://md.linkedin.com/jobs/view/inginer-programator-at-runpay-moldova-4424897803,Inginer programator,,scraped,2026-07-29T16:00:44.846426,
8bc61a506c23f5d1,https://md.linkedin.com/jobs/view/reprezentant-v%C3%A2nz%C4%83ri-corporative-la-telefon-b2b-at-moldcell-4446113719,Reprezentant Vânzări Corporative la telefon (B2B),,scraped,2026-07-29T16:00:51.980655,
a81d5690cc1eb5bb,https://md.linkedin.com/jobs/view/%D0%BC%D0%B5%D0%BD%D0%B5%D0%B4%D0%B6%D0%B5%D1%80-%D0%BF%D0%BE-%D0%BF%D1%80%D0%BE%D0%B4%D0%B0%D0%B6%D0%B0%D0%BC-%D0%B8%D0%BD%D1%82%D0%B5%D1%80%D0%BD%D0%B5%D1%82-%D0%BC%D0%B0%D0%B3%D0%B0%D0%B7%D0%B8%D0%BD-%D1%81%D0%BC%D0%B0%D1%80%D1%82%D1%84%D0%BE%D0%BD%D0%BE%D0%B2-at-breezy%21-4443256483,Менеджер по продажам (интернет - магазин смартфонов),,scraped,2026-07-29T16:01:03.991755,
0c0c6f1a76a73900,https://md.linkedin.com/jobs/view/qa-game-tester-game-porting-6-months-at-viridian-software-4445605778,QA Game Tester - Game Porting (6 months),,scraped,2026-07-29T20:17:03.734504,
fbf7601202154f71,https://md.linkedin.com/jobs/view/fluent-english-full-stack-developer-python-java-react-at-supportyourapp-4444114598,(fluent English) Full-Stack Developer (Python/Java/React),SupportYourApp,posted,2026-07-29T20:17:23.838888,719
10626d6ba3ddc4cc,https://md.linkedin.com/jobs/view/fluent-english-full-stack-developer-python-java-react-at-supportyourapp-4443699961,(fluent English) Full-Stack Developer (Python/Java/React),SupportYourApp,posted,2026-07-29T20:17:30.626329,719
ee54da363728cf9e,https://md.linkedin.com/jobs/view/marketing-data-entry-operator-at-veo-worldwide-services-4445955081,Marketing Data Entry Operator,,scraped,2026-07-29T20:17:35.255653,
386f397be699a6df,https://md.linkedin.com/jobs/view/fluent-english-full-stack-developer-python-java-react-at-supportyourapp-4444118466,(fluent English) Full-Stack Developer (Python/Java/React),SupportYourApp,posted,2026-07-29T20:17:48.998947,719
d57a9c2f24ed2c67,https://md.linkedin.com/jobs/view/rust-developer-at-mwdn-4446403502,Rust Developer,MWDN,posted,2026-07-29T20:18:30.897940,721
00f206ff30e14760,https://md.linkedin.com/jobs/view/%D1%81%D0%BF%D0%B5%D1%86%D0%B8%D0%B0%D0%BB%D0%B8%D1%81%D1%82-%D0%BF%D0%BE-%D0%B8%D0%BD%D1%84%D1%80%D0%B0%D1%81%D1%82%D1%80%D1%83%D0%BA%D1%82%D1%83%D1%80%D0%B5-at-noventiq-moldova-4406056972,Специалист по инфраструктуре,,scraped,2026-07-29T20:18:37.855387,
b0546bc359068866,https://md.linkedin.com/jobs/view/merceolog-magazin-specializat-at-rogob-4444884824,Merceolog magazin specializat,,scraped,2026-07-29T20:18:53.264041,
d0de0745f8b0bc02,https://md.linkedin.com/jobs/view/opensearch-engineer-aws-data-pipelines-at-ruby-labs-4446851636,OpenSearch Engineer / AWS & Data Pipelines,Ruby Labs,posted,2026-07-29T20:19:29.158968,723
50dcc92171cdfa8b,https://md.linkedin.com/jobs/view/senior-project-manager-remote-contract-at-infuse-4446855688,"Senior Project Manager (Remote, Contract)",INFUSE,posted,2026-07-30T07:42:50.779503,459
646eb51b2f6a9d1d,https://md.linkedin.com/jobs/view/key-account-manager-b2b-apple-at-asbis-moldova-4444146153,Key Account Manager B2B Apple,,scraped,2026-07-30T07:43:19.400844,
497edb08dae3e084,https://md.linkedin.com/jobs/view/delivery-and-technology-lead-at-index-dev-4443231167,Delivery and Technology Lead,,scraped,2026-07-30T07:43:27.269373,
791f69397416be3c,https://md.linkedin.com/jobs/view/fluent-english-full-stack-developer-python-java-react-at-supportyourapp-4444114600,(fluent English) Full-Stack Developer (Python/Java/React),SupportYourApp,posted,2026-07-30T07:43:35.856086,719
5e9c60d68db0b9b4,https://md.linkedin.com/jobs/view/fluent-english-full-stack-developer-python-java-react-at-supportyourapp-4444119410,(fluent English) Full-Stack Developer (Python/Java/React),SupportYourApp,posted,2026-07-30T07:43:42.322365,719
459876acf7744f73,https://md.linkedin.com/jobs/view/full-stack-engineer-at-mwdn-4446043163,Full-Stack Engineer,MWDN,posted,2026-07-30T07:43:50.318831,379
e82abff84fb925ef,https://md.linkedin.com/jobs/view/tehnician-it-specialist-configurare-android-windows-%C8%99i-echipamente-at-runpay-moldova-4424897803,"Tehnician IT/Specialist configurare Android, Windows și echipamente",,scraped,2026-07-30T07:43:54.867696,
902dec7bc63325cc,https://md.linkedin.com/jobs/view/v%C3%A2nz%C4%83tor-v%C3%A2nz%C4%83toare-produse-alimentare-at-rogob-4444874834,Vânzător / Vânzătoare produse alimentare,,scraped,2026-07-30T07:44:03.579791,
f59e3e6485e4f22d,https://md.linkedin.com/jobs/view/head-of-user-acquisition-at-ruby-labs-4446300587,Head of User Acquisition,Ruby Labs,posted,2026-07-30T07:44:23.403354,725
27c6ba78d6d4e5a2,https://md.linkedin.com/jobs/view/senior-wordpress-developer-remote-contract-at-infuse-4446824341,"Senior Wordpress Developer (Remote, Contract)",INFUSE,posted,2026-07-30T07:44:41.833141,727
499a5552a76435e9,https://md.linkedin.com/jobs/view/v%C3%A2nz%C4%83tor-consultant-v%C3%A2nz%C4%83toare-consultant%C4%83-%C3%AEn-or-ocni%C8%9Ba-at-moldcell-4446370621,Vânzător-consultant/Vânzătoare-consultantă în or. Ocnița,,scraped,2026-07-30T07:44:50.241768,
350727afb1b7c3e9,https://md.linkedin.com/jobs/view/sales-specialist-at-prestigefly-4443232792,Sales Specialist,PrestigeFly,posted,2026-07-30T07:45:07.785055,729
384b751cf57d0339,https://md.linkedin.com/jobs/view/sales-manager-chinese-speaker-at-scrambly-4445716550,Sales Manager (Chinese speaker),,scraped,2026-07-30T07:45:10.482942,
d1a15c8e2a2ba9fa,https://md.linkedin.com/jobs/view/dedicated-server-provisioning-engineer-at-ultahost-4446069601,Dedicated Server Provisioning Engineer,UltaHost,posted,2026-07-30T07:45:26.950346,731
f637ba8a23503734,https://md.linkedin.com/jobs/view/flexible-internship-in-audit-chisinau-at-ey-4368995260,Flexible Internship in Audit - Chisinau,EY,posted,2026-07-30T07:45:41.287911,733
1709aaa00132b9ef,https://md.linkedin.com/jobs/view/devops-azure-engineer-moldova-at-amdaris-4446811337,DevOps Azure Engineer Moldova,,scraped,2026-07-30T07:45:53.977084,
ac2676bd85d43f5a,https://md.linkedin.com/jobs/view/microsoft-365-azure-ad-professional-services-engineer-at-stefanini-emea-4429270202,Microsoft 365 & Azure AD Professional Services Engineer,Stefanini EMEA,posted,2026-07-30T07:46:10.453344,735
a046002d4039b81e,https://md.linkedin.com/jobs/view/senior-aws-devops-at-xebia-4422902075,Senior AWS DevOps,Xebia,posted,2026-07-30T07:46:29.705052,737
8392eea0debcc9c2,https://md.linkedin.com/jobs/view/vacancy-notice-for-the-assistant-to-the-resident-twinning-advisor-rta-at-eubam-libya-4446749737,Vacancy notice for the Assistant to the Resident Twinning Advisor (RTA),,scraped,2026-07-30T13:19:55.100908,
66691697bf5d206c,https://md.linkedin.com/jobs/view/business-development-specialist-at-s-p-solutions-4443251165,Business Development Specialist,,scraped,2026-07-30T13:21:04.485258,
75c929c1a005561f,https://md.linkedin.com/jobs/view/java-data-developer-digital-marketing-sphere-at-coherent-solutions-4443296438,Java Data Developer (Digital Marketing sphere),Coherent Solutions,posted,2026-07-30T13:21:52.562981,739
cbdac4e739e63351,https://md.linkedin.com/jobs/view/senior-python-data-engineer-at-3pillar-4446819786,Senior Python Data Engineer,3Pillar,posted,2026-07-30T13:22:05.040163,741
7bcd3e21be543e41,https://md.linkedin.com/jobs/view/generative-ai-pipeline-engineer-tech-lead-at-capslock-4446819603,Generative AI Pipeline Engineer (Tech Lead),,scraped,2026-07-30T13:22:07.637538,
63a2d4bddd862408,https://md.linkedin.com/jobs/view/security-engineer-at-zevetone-4444120574,Security Engineer,ZevetOne,posted,2026-07-30T19:00:39.373051,743
8d0b0fddf399c188,https://md.linkedin.com/jobs/view/asistent-administrativ-%E2%80%93-financiar-at-veo-worldwide-services-4446805096,Asistent Administrativ – Financiar,,scraped,2026-07-30T19:00:46.029973,
2dbefcf62f80f4c3,https://md.linkedin.com/jobs/view/ai-engineer-technical-product-owner-at-foxelli-group-4445907220,AI Engineer (Technical Product Owner),,scraped,2026-07-30T19:01:09.310382,
cd48c41587278c8f,https://md.linkedin.com/jobs/view/%F0%9F%92%BB-senior-fullstack-developer-strong-java-react-experience-required-at-xogito-group-inc-4446781607,💻 Senior Fullstack Developer (Strong Java & React Experience Required),"Xogito Group, Inc",posted,2026-07-30T19:01:41.879025,745
39627b2fe4434a7a,https://md.linkedin.com/jobs/view/senior-devops-engineer-at-mwdn-4446770944,Senior DevOps Engineer,MWDN,posted,2026-07-30T19:02:02.882792,747
b678dc8dc9c90d7b,https://md.linkedin.com/jobs/view/senior-rust-developer-at-mwdn-4446766878,Senior Rust Developer,MWDN,posted,2026-07-30T19:02:17.308774,749
d1eb43970907f4a2,https://md.linkedin.com/jobs/view/qa-architect-b2b-project-at-xebia-4446729606,QA Architect (B2B project),Xebia,posted,2026-07-30T19:02:27.520704,751
4eae8386132838ee,https://md.linkedin.com/jobs/view/marketing-manager-at-fena-4447078978,Marketing Manager,,scraped,2026-07-30T23:37:06.731139,
e52d89dc01c54a18,https://md.linkedin.com/jobs/view/database-administrator-dba-at-intetics-4446827012,Database Administrator (DBA),Intetics,posted,2026-07-30T23:37:44.034704,753
4051154915e768ee,https://md.linkedin.com/jobs/view/lead-qa-engineer-with-voip-sip-stack-at-idt-corporation-4447064732,Lead QA Engineer with VoIP/SIP stack,IDT Corporation,posted,2026-07-30T23:38:14.980795,755
d640c68520e8f716,https://md.linkedin.com/jobs/view/python-backend-developer-at-cavendish-professionals-4443693319,Python Backend Developer,,scraped,2026-07-30T23:38:21.632381,
a92aa900a7545530,https://md.linkedin.com/jobs/view/senior-fullstack-developer-angular-net-at-sedona-digital-4447011723,Senior Fullstack Developer (Angular & .NET),,scraped,2026-07-30T23:38:39.191147,
af34d60254b4b647,https://md.linkedin.com/jobs/view/director-of-dispatch-intelligence-at-fiveplus-4446922019,Director of Dispatch Intelligence,Fiveplus,posted,2026-07-30T23:38:57.230446,757
e675e77379300a89,https://md.linkedin.com/jobs/view/senior-product-manager-remote-contract-at-infuse-4447227802,"Senior Product Manager (Remote, Contract)",INFUSE,posted,2026-07-31T10:04:57.883501,443
7e79d4cd25b9e414,https://md.linkedin.com/jobs/view/executive-assistant-to-chief-executive-officer-at-proimobil-md-group-company-4445091543,Executive Assistant to Chief Executive Officer,,scraped,2026-07-31T10:05:22.686688,
eb9630d77c60ce19,https://md.linkedin.com/jobs/view/chief-commercial-officer-at-azamet-4445089375,Chief Commercial Officer,,scraped,2026-07-31T10:05:34.036277,
bd7189023b1c02ac,https://md.linkedin.com/jobs/view/marketing-manager-at-vioser-consulting-ltd-4444562939,Marketing Manager,,scraped,2026-07-31T10:05:47.048796,
a2d275b39d45f931,https://md.linkedin.com/jobs/view/recruiter-us-telecom-market-at-koscom-networks-4446780766,Recruiter (US Telecom Market),Koscom Networks,posted,2026-07-31T10:06:11.205315,759
34753838faa8e91e,https://md.linkedin.com/jobs/view/python-engineer-4444561180,Python Engineer,DD IT SRL,posted,2026-07-31T10:06:27.229985,761
58c161b30bc47340,https://md.linkedin.com/jobs/view/lead-dispatcher-%E2%80%93-profitability-operations-at-fiveplus-4446905246,Lead Dispatcher – Profitability & Operations,Fiveplus,posted,2026-07-31T17:13:27.097866,763
13cb718ff74170e4,https://md.linkedin.com/jobs/view/ecommerce-specialist-at-plantifique-4444593841,Ecommerce Specialist,Plantifique,posted,2026-07-31T17:13:53.248728,765
63a9a8381a5f18bc,https://md.linkedin.com/jobs/view/staff-software-engineer-at-paymentology-4447513842,Staff Software Engineer,,scraped,2026-07-31T17:14:19.820948,
f7b1273802c18581,https://md.linkedin.com/jobs/view/senior-ml-engineer-llms-aws-at-provectus-4447522802,"Senior ML Engineer (LLMs, AWS)",Provectus,posted,2026-07-31T17:15:02.162312,767
d82c22308189c3a6,https://md.linkedin.com/jobs/view/senior-contabil-at-veo-worldwide-services-4422362628,Senior Contabil,,scraped,2026-07-31T17:15:16.760396,
04653f29581680ea,https://md.linkedin.com/jobs/view/senior-android-developer-jetpack-compose-coroutines-flow-multiplatform-at-idt-corporation-4447041823,"Senior Android Developer (Jetpack Compose, Coroutines, Flow, Multiplatform)",IDT Corporation,posted,2026-07-31T17:15:35.859154,769
c6bd9ae04d7e1cc5,https://md.linkedin.com/jobs/view/data-focused-project-coordinator-remote-contract-at-infuse-4447206474,"Data-Focused Project Coordinator (Remote, Contract)",INFUSE,posted,2026-07-31T21:47:35.711432,93
9f471851c4c6aab5,https://md.linkedin.com/jobs/view/head-of-strategic-partnerships-operations-at-fiveplus-4446909181,Head of Strategic Partnerships & Operations,Fiveplus,posted,2026-07-31T21:47:46.728612,771
d0829909814a12c7,https://md.linkedin.com/jobs/view/accounting-team-leader-chisinau-at-veo-worldwide-services-4447294047,Accounting Team Leader (Chisinau),,scraped,2026-07-31T21:47:53.399947,
e0cd2d6df1cdc6e7,https://md.linkedin.com/jobs/view/sales-engineer-at-lokmera-4445098863,Sales Engineer,,scraped,2026-07-31T21:48:16.363396,
ae79440597daa2e0,https://md.linkedin.com/jobs/view/sales-manager-at-gen-4445512018,Sales Manager,,scraped,2026-07-31T21:48:35.127830,
e5f4bb39914ace0b,https://md.linkedin.com/jobs/view/personal-assistant-at-puffy-4443681343,Personal Assistant,Puffy,posted,2026-07-31T21:48:46.298046,773
c3f2238fb81cd33c,https://md.linkedin.com/jobs/view/head-of-crm-customer-strategy-at-moldindconbank-4446761531,Head of CRM & Customer Strategy,,scraped,2026-07-31T21:48:50.764863,
9573ad0bddcd8aff,https://md.linkedin.com/jobs/view/experienced-truck-dispatch-strategist-at-fiveplus-4446799391,Experienced Truck Dispatch Strategist,Fiveplus,posted,2026-07-31T21:49:39.512370,775
54f35e2b32646db2,https://md.linkedin.com/jobs/view/asistent-administrativ-financiar-at-veo-worldwide-services-4447285220,Asistent Administrativ Financiar,,scraped,2026-07-31T21:49:50.134606,
90bf014ea1aca55e,https://md.linkedin.com/jobs/view/identity-security-engineer-at-independent-contractor-4447523734,Identity Security Engineer,Independent Contractor,posted,2026-07-31T21:50:21.480319,777
480e20fd674281fe,https://md.linkedin.com/jobs/view/cabin-crew-recruitment-day-iasi-17-september-2026-at-wizz-air-4445062601,Cabin Crew Recruitment Day - Iasi - 17 September 2026,,scraped,2026-07-31T21:50:26.090217,
f616ba900fab5049,https://md.linkedin.com/jobs/view/data-architecture-analyst-short-term-at-undp-careers-4447018045,"Data Architecture Analyst, Short-Term",UNDP Careers,posted,2026-07-31T21:50:41.194935,779
46033cc94e3ca153,https://md.linkedin.com/jobs/view/hr-service-manager-ukraine-ukrainian-labor-law-at-safeguard-global-4447003666,"HR Service Manager, Ukraine (Ukrainian Labor Law)",Safeguard Global,posted,2026-07-31T21:50:48.681255,781
42efb092a3e1c5e1,https://md.linkedin.com/jobs/view/manager-financiar-at-veo-worldwide-services-4447298372,Manager Financiar,,scraped,2026-07-31T21:50:53.245530,
a0bf38c4ae9bfe13,https://md.linkedin.com/jobs/view/senior-data-analyst-product-team-at-gomining-4445924106,Senior Data Analyst (Product team),,scraped,2026-08-01T07:26:49.615852,
e99c95592ad18f9d,https://md.linkedin.com/jobs/view/dispatcher-%E2%80%93-u-s-freight-operations-at-fiveplus-4447164954,Dispatcher – U.S. Freight Operations,Fiveplus,posted,2026-08-01T07:27:06.471230,783
d38365fda5a72089,https://md.linkedin.com/jobs/view/contabil-%C4%83-at-rusagro-prim-4446022763,Contabil(ă),Rusagro-Prim,posted,2026-08-01T07:27:21.773422,785
25f305ed5c2ac869,https://md.linkedin.com/jobs/view/talent-acquisition-specialist-at-ruby-labs-4447510843,Talent Acquisition Specialist,Ruby Labs,posted,2026-08-01T07:27:29.333319,787
82971524a732cb15,https://md.linkedin.com/jobs/view/human-resources-recruiter-4445795027,Human Resources Recruiter,SEA Logistics INC,posted,2026-08-01T07:27:41.841218,789
beb4f3fed396bc19,https://md.linkedin.com/jobs/view/fluent-english-full-stack-developer-python-java-react-at-supportyourapp-4444102876,(fluent English) Full-Stack Developer (Python/Java/React),SupportYourApp,posted,2026-08-01T07:27:48.405342,719
3559af8bbacd64c6,https://md.linkedin.com/jobs/view/bi-developer-apache-superset-dashboard-engineer-at-intetics-4447285775,BI Developer / Apache Superset Dashboard Engineer,Intetics,posted,2026-08-01T07:28:09.749685,791
897be67de9884cc1,https://md.linkedin.com/jobs/view/ai-engineer-document-intelligence-idp-at-wherewework-jobs-4444863399,"AI Engineer, Document Intelligence & IDP",wherewework Jobs,posted,2026-08-01T07:28:22.171793,793
90b792766a093eaa,https://md.linkedin.com/jobs/view/public-sector-auditor-at-wherewework-jobs-4444853416,Public Sector Auditor,wherewework Jobs,posted,2026-08-01T07:28:35.483576,795
68ef69a062082d43,https://md.linkedin.com/jobs/view/data-quality-engineer-automated-testing-monitoring-at-wherewework-jobs-4444866389,"Data Quality Engineer, Automated Testing & Monitoring",wherewework Jobs,posted,2026-08-01T07:28:48.880064,797
208bd1d0e16343e0,https://md.linkedin.com/jobs/view/senior-data-scientist-%E2%80%94-volt-at-volt-finance-4444588370,Senior Data Scientist — Volt,,scraped,2026-08-01T07:28:51.442999,
ebbd638ecdedbe6b,https://md.linkedin.com/jobs/view/senior-full-stack-engineer-node-js-react-angular-at-idt-corporation-4447054771,"Senior Full-Stack Engineer (Node.JS, React, Angular)",IDT Corporation,posted,2026-08-01T07:29:14.137858,799
0c13b60f4f220fe4,https://md.linkedin.com/jobs/view/cybersecurity-co-founder-head-of-growth-100-%25-remote-m-f-d-at-ewor-4447195047,Cybersecurity Co-Founder / Head of Growth (100 % remote) (m/f/d),,scraped,2026-08-01T07:29:28.767661,
0b153e328096350c,https://md.linkedin.com/jobs/view/junior-it-support-specialist-at-synevo-moldova-4444128338,Junior IT Support Specialist,,scraped,2026-08-01T11:50:09.453206,
d079662caf2dfe23,https://md.linkedin.com/jobs/view/solutions-architect-genai-python-data-aws-at-provectus-4447519852,"Solutions Architect (GenAI, Python/Data, AWS)",Provectus,posted,2026-08-01T11:51:08.781673,801
4cd0c4d301576cd0,https://md.linkedin.com/jobs/view/customer-service-specialist-at-coral-club-europe-4447273991,Customer Service Specialist,Coral Club Europe,posted,2026-08-01T11:51:21.878615,803
d4b04e2b4d72c426,https://md.linkedin.com/jobs/view/data-engineer-apache-airflow-specialist-at-intetics-4447292582,Data Engineer / Apache Airflow Specialist,Intetics,posted,2026-08-01T11:51:32.206386,805
6f9590bb99acefba,https://md.linkedin.com/jobs/view/%D0%B2%D0%BE%D0%B4%D0%B8%D1%82%D0%B5%D0%BB%D1%8C-%D0%B3%D1%80%D1%83%D0%B7%D0%BE%D0%BF%D0%B5%D1%80%D0%B5%D0%B2%D0%BE%D0%B7%D0%BE%D0%BA-%D0%BA%D0%B0%D1%82%D0%B5%D0%B3%D0%BE%D1%80%D0%B8%D0%B8-%D1%81-%D0%B8-%D0%B5-at-rusagro-prim-4446010920,Водитель грузоперевозок категории С и Е,Rusagro-Prim,failed|wp_post_failed,2026-08-01T11:51:54.079480,
497b78fdf930c418,https://md.linkedin.com/jobs/view/specialist-logistic%C4%83-%C3%AEn-transport-at-rusagro-prim-4446019843,Specialist logistică în transport,Rusagro-Prim,posted,2026-08-01T11:52:03.806803,807
a903377faa661f9b,https://md.linkedin.com/jobs/view/sales-specialist-%E2%80%93-cdl-driver-recruitment-at-fiveplus-4447168745,Sales Specialist – CDL Driver Recruitment,Fiveplus,posted,2026-08-01T11:52:14.710547,809
3eea2a1a3cfef034,https://md.linkedin.com/jobs/view/l%E2%80%99emploi-territorial-at-nacoop%C3%A9-4447486595,L’emploi territorial,Nacoopé,posted,2026-08-01T15:43:13.162163,811
513ed80b7ab70c1f,https://md.linkedin.com/jobs/view/bristol-hotel-at-slavion-travel-4445812662,Bristol Hotel,SLAVION Travel,posted,2026-08-01T20:14:12.365425,813
15f9a6e5c42f132e,https://md.linkedin.com/jobs/view/astoria-hotel-at-slavion-travel-4445806859,Astoria Hotel,SLAVION Travel,posted,2026-08-01T20:14:25.585637,815
af3e1fe9ea5eda5e,https://md.linkedin.com/jobs/view/martisor-music-festival-at-slavion-travel-4445805864,Martisor Music Festival,SLAVION Travel,posted,2026-08-01T20:14:57.076585,817
3ccaa56189de89a6,https://md.linkedin.com/jobs/view/mimi-wine-tour-at-slavion-travel-4445597938,Mimi Wine Tour,SLAVION Travel,posted,2026-08-01T20:15:11.191827,819
2ddcb6039a28244c,https://md.linkedin.com/jobs/view/senior-data-analyst-marketing-team-at-gomining-4445924141,Senior Data Analyst (Marketing team),,scraped,2026-08-01T20:15:15.807352,
06c9de783d14bc87,https://md.linkedin.com/jobs/view/product-manager-at-starnet-%E2%80%8B-4442810270,Product Manager,,scraped,2026-08-01T20:15:22.130911,
b398f5ac47cbba7c,https://md.linkedin.com/jobs/view/talent-acquisition-partner-at-paymentology-4445934971,Talent Acquisition Partner,,scraped,2026-08-01T20:15:30.206515,
e940ee18084473ec,https://md.linkedin.com/jobs/view/lavender-festival-at-slavion-travel-4445595936,Lavender Festival,SLAVION Travel,posted,2026-08-01T20:15:48.172923,821
30970b79cff35801,https://md.linkedin.com/jobs/view/wine-degustation-at-slavion-travel-4445800871,Wine Degustation,SLAVION Travel,posted,2026-08-01T20:16:02.969959,823
98c0f080f2b07e6d,https://md.linkedin.com/jobs/view/et-cetera-wine-tour-at-slavion-travel-4445801854,Et cetera wine tour,SLAVION Travel,posted,2026-08-01T20:16:36.184848,825
e2b9e2807e4b5bb4,https://md.linkedin.com/jobs/view/savoy-hotel-at-slavion-travel-4445804877,Savoy Hotel,SLAVION Travel,posted,2026-08-01T20:17:00.869576,827
fa0bc7afbee8f582,https://md.linkedin.com/jobs/view/iris-hotel-at-slavion-travel-4445811739,IRIS Hotel,SLAVION Travel,posted,2026-08-01T20:17:18.784019,829
49804d357b548e39,https://md.linkedin.com/jobs/view/chateau-cojusna-wine-tour-at-slavion-travel-4445596988,Chateau Cojusna Wine Tour,SLAVION Travel,posted,2026-08-01T20:17:33.597988,831
00a6fe838db209f4,https://md.linkedin.com/jobs/view/zentrum-apart-hotel-at-slavion-travel-4445811738,Zentrum Apart Hotel,SLAVION Travel,posted,2026-08-01T20:17:46.689556,833
ec61a1da67300147,https://md.linkedin.com/jobs/view/prezident-hotel-at-slavion-travel-4445803872,Prezident Hotel,SLAVION Travel,posted,2026-08-01T20:17:59.307896,835
e7a3823a989bc80c,https://md.linkedin.com/jobs/view/festival-descopera-at-slavion-travel-4445599893,Festival descOPERA,SLAVION Travel,posted,2026-08-01T20:18:12.084233,837
50d31c7f1d393f15,https://md.linkedin.com/jobs/view/chateau-vartely-wine-tour-at-slavion-travel-4445806861,Chateau Vartely Wine Tour,SLAVION Travel,posted,2026-08-01T20:18:25.560182,839
1c868b762bebb2c6,https://md.linkedin.com/jobs/view/underground-festival-at-slavion-travel-4445805863,Underground Festival,SLAVION Travel,posted,2026-08-01T20:18:38.445576,841
29c86beb32e0ad1b,https://md.linkedin.com/jobs/view/agent-comer%C8%9B-or-chi%C8%99in%C4%83u-at-rogob-4444898017,Agent Comerț (or. Chișinău),,scraped,2026-08-01T20:18:52.872071,
7348cf86c221234b,https://md.linkedin.com/jobs/view/branesti-wine-tour-at-slavion-travel-4445813086,Branesti Wine Tour,SLAVION Travel,posted,2026-08-02T07:41:34.974062,843
1561756e41eb5386,https://md.linkedin.com/jobs/view/wine-festival-at-slavion-travel-4445816007,Wine Festival,SLAVION Travel,posted,2026-08-02T07:42:50.813413,845
d2261e2ffab7caf8,https://md.linkedin.com/jobs/view/medieval-festival-at-slavion-travel-4445805865,Medieval Festival,SLAVION Travel,posted,2026-08-02T07:43:05.451090,847
7750f41afb72854d,https://md.linkedin.com/jobs/view/hot-air-baloons-festival-at-slavion-travel-4445811737,Hot Air Baloons Festival,SLAVION Travel,posted,2026-08-02T07:43:19.315730,849
0913d7fbda5492f5,https://md.linkedin.com/jobs/view/cricova-wine-tour-at-slavion-travel-4445597937,Cricova Wine Tour,SLAVION Travel,posted,2026-08-02T07:43:31.928284,851
66297666705ffb21,https://md.linkedin.com/jobs/view/maria-biesu-opera-and-ballet-festival-at-slavion-travel-4445800867,Maria Biesu opera and ballet festival,SLAVION Travel,posted,2026-08-02T07:43:44.894400,853
0267374fc25f5564,https://md.linkedin.com/jobs/view/klaviyo-email-marketing-specialist-dtc-e-commerce-100%25-remote-eu-at-foxelli-group-4447511830,Klaviyo Email Marketing Specialist| DTC E-commerce | 100% Remote EU,,scraped,2026-08-02T11:46:46.274559,
47df7a8598533478,https://md.linkedin.com/jobs/view/technical-screening-team-lead-at-toptal-4447022052,Technical Screening Team Lead,Toptal,posted,2026-08-02T11:47:59.704093,855
7289f2c50f97c76f,https://md.linkedin.com/jobs/view/%D0%B0%D0%BD%D0%B0%D0%BB%D0%B8%D1%82%D0%B8%D0%BA-%D0%B4%D0%B0%D0%BD%D0%BD%D1%8B%D1%85-at-dataedge-4445032827,Аналитик данных,,scraped,2026-08-02T15:48:56.339195,
5064c03453bf4d83,https://md.linkedin.com/jobs/view/%D0%BA%D0%BE%D0%BE%D1%80%D0%B4%D0%B8%D0%BD%D0%B0%D1%82%D0%BE%D1%80-%D0%BB%D0%BE%D0%B3%D0%B8%D1%81%D1%82%D0%B8%D0%BA%D0%B8-ltl-%D0%BC%D0%B5%D0%B6%D0%B4%D1%83%D0%BD%D0%B0%D1%80%D0%BE%D0%B4%D0%BD%D1%8B%D0%B5-%D0%BF%D0%B5%D1%80%D0%B5%D0%B2%D0%BE%D0%B7%D0%BA%D0%B8-at-m3cargo-4445071825,"Координатор логистики (LTL, Международные перевозки)",M3Cargo,posted,2026-08-02T20:16:23.361330,397
be21ad37667c3637,https://md.linkedin.com/jobs/view/ai-infrastructure-co-founder-cso-100-%25-remote-m-f-d-at-ewor-4447174481,AI Infrastructure Co-Founder / CSO (100 % remote) (m/f/d),,scraped,2026-08-02T22:53:24.398797,
cbf96547ade8c36d,https://md.linkedin.com/jobs/view/circular-economy-co-founder-cfo-100-%25-remote-m-f-d-at-ewor-4447186237,Circular Economy Co-Founder / CFO (100 % remote) (m/f/d),,scraped,2026-08-02T22:53:39.894398,
78e7e728573a0b53,https://md.linkedin.com/jobs/view/specialist-logistica-at-rusagro-prim-4446026674,Specialist logistica,Rusagro-Prim,posted,2026-08-03T02:13:51.269806,857
4b7df51674981377,https://md.linkedin.com/jobs/view/jumbo-hotel-at-slavion-travel-4445874314,Jumbo Hotel,SLAVION Travel,posted,2026-08-03T06:55:41.525271,859
a01ec57d8fe3fa7e,https://md.linkedin.com/jobs/view/auditor-at-fincombank-sa-4447787888,Auditor,,scraped,2026-08-03T11:18:23.601718,
a5aa74065ddcd27e,https://md.linkedin.com/jobs/view/purcari-wine-tour-at-slavion-travel-4445883267,Purcari Wine Tour,SLAVION Travel,posted,2026-08-03T11:19:02.125449,861
2165a232841645fd,https://md.linkedin.com/jobs/view/etno-festival-gustar-at-slavion-travel-4445595930,"Etno Festival ""Gustar""",SLAVION Travel,posted,2026-08-03T11:19:18.738219,863
a6283be4f2b8148d,https://md.linkedin.com/jobs/view/manager-logistica-4445867950,Manager Logistica,Recrutare Moldova,posted,2026-08-03T11:19:48.068478,865
6b483add7d941f68,https://md.linkedin.com/jobs/view/design-coordinator-%E2%80%93-public-buildings-rehabilitation-at-protek-yapi-4448139903,Design Coordinator – Public Buildings & Rehabilitation,,scraped,2026-08-03T11:19:50.917499,
ace53866c846dee8,https://md.linkedin.com/jobs/view/ofi%C8%9Ber-management-continuitatea-afacerii-at-maib-4446209482,Ofițer Management Continuitatea Afacerii,,scraped,2026-08-03T14:27:02.429653,
c984d30d6695eacf,https://md.linkedin.com/jobs/view/regional-sales-manager-at-lpp-moldova-4445880950,Regional Sales Manager,,scraped,2026-08-03T14:27:24.785392,
7fa012d3f1968e0e,https://md.linkedin.com/jobs/view/milesti-mici-wine-tour-at-slavion-travel-4445879285,Milesti Mici Wine Tour,SLAVION Travel,posted,2026-08-03T14:28:01.780194,867
be733c643c17fc83,https://md.linkedin.com/jobs/view/programator-1c-middle-senior-at-sapico-4446204684,Programator 1C (Middle/Senior),,scraped,2026-08-03T14:28:44.478958,
22f7cf74ec740e12,https://md.linkedin.com/jobs/view/sap-career-launchpad-6-day-intensive-course-tekwill-academy-moldova-at-agentpark-llc-4448301227,"SAP Career Launchpad 6-Day Intensive Course , Tekwill Academy, Moldova",,scraped,2026-08-03T14:28:55.658507,
80cbe668dfe232ac,https://md.linkedin.com/jobs/view/sanrais-hotel-at-slavion-travel-4446224928,Sanrais Hotel,SLAVION Travel,posted,2026-08-03T17:47:21.820715,869
571623214ff03291,https://md.linkedin.com/jobs/view/city-tour-at-slavion-travel-4445882255,City Tour,SLAVION Travel,posted,2026-08-03T17:47:37.551978,871
87be922d65aa9a64,https://md.linkedin.com/jobs/view/servicenow-developer-remote-work-at-bairesdev-4447995633,ServiceNow Developer - Remote Work,BairesDev,posted,2026-08-03T17:47:48.887767,519
23753ea32bf7718c,https://md.linkedin.com/jobs/view/customer-support-manager-at-fly-luxury-4401943800,Customer Support Manager,Fly Luxury,posted,2026-08-03T17:48:08.890324,873
59856465a5a7d3c2,https://md.linkedin.com/jobs/view/google-cloud-platform-architect-remote-work-at-bairesdev-4447982776,Google Cloud Platform Architect - Remote Work,BairesDev,posted,2026-08-03T17:48:26.452464,875
61243e00ff60ace4,https://md.linkedin.com/jobs/view/support-engineer-with-english-radisson-at-stefanini-emea-4448219051,Support Engineer with English (Radisson),Stefanini EMEA,posted,2026-08-03T17:49:08.897732,877
4a9430d2c99f55fb,https://md.linkedin.com/jobs/view/google-cloud-platform-architect-remote-work-at-bairesdev-4447979707,Google Cloud Platform Architect - Remote Work,BairesDev,posted,2026-08-03T17:49:44.205569,875
aa6658fe4f1a65b7,https://md.linkedin.com/jobs/view/best-western-plus-flowers-hotel-at-slavion-travel-4446241052,Best Western Plus Flowers Hotel,SLAVION Travel,posted,2026-08-03T19:26:12.426194,879
c1f66c9cdcef68a9,https://md.linkedin.com/jobs/view/senior-software-engineer-ai-interaction-evaluator-codex-claude-code-up-to-%24200-hr-at-g2i-inc-4447901590,"Senior Software Engineer - AI Interaction Evaluator (Codex / Claude Code, up to $200/hr)",G2i Inc.,posted,2026-08-03T21:00:17.413239,881
6c0e50c40710fa16,https://md.linkedin.com/jobs/view/ai-automation-engineer-at-immigrant-invest-4447995602,AI Automation Engineer,,scraped,2026-08-04T01:59:56.811417,
79662ee3d51089cd,https://md.linkedin.com/jobs/view/%D0%BC%D0%B5%D0%BD%D0%B5%D0%B4%D0%B6%D0%B5%D1%80-%D0%BF%D0%BE-%D1%81%D0%BE%D1%86%D0%B8%D0%B0%D0%BB%D1%8C%D0%BD%D1%8B%D0%BC-%D1%81%D0%B5%D1%82%D1%8F%D0%BC-at-mercedes-benz-moldova-4440140950,Менеджер по социальным сетям,,scraped,2026-08-04T02:00:11.465885,
794874f5504fe39c,https://md.linkedin.com/jobs/view/hci-sr-compute-engineer-red-hat-openshift-at-stefanini-emea-4448218135,HCI Sr. Compute Engineer (Red Hat OpenShift),Stefanini EMEA,posted,2026-08-04T02:01:31.596563,883
bd203c811e2e4577,https://md.linkedin.com/jobs/view/senior-product-manager-new-business-at-toptal-4448677735,Senior Product Manager (New Business),Toptal,posted,2026-08-04T05:18:50.262983,885
9aefcf22def3de32,https://md.linkedin.com/jobs/view/customer-success-manager-vip-account-manager-at-ultahost-4448257617,Customer Success Manager & VIP Account Manager,UltaHost,posted,2026-08-04T08:29:23.532610,887
4a5392a302963cd6,https://md.linkedin.com/jobs/view/senior-cro-manager-at-ruby-labs-4448602856,Senior CRO Manager,Ruby Labs,posted,2026-08-04T08:29:52.435595,285
5c396cd53fe2c703,https://md.linkedin.com/jobs/view/senior-qa-engineer-with-automation-at-alex-staff-4446602174,Senior QA Engineer with Automation,Alex Staff,posted,2026-08-04T08:30:08.330388,889
5f5066bc34b8f046,https://md.linkedin.com/jobs/view/chisinau-cabin-crew-opportunities-dubai-based-relocation-provided-at-emirates-4446608690,"Chisinau Cabin Crew Opportunities (Dubai Based, Relocation Provided)",Emirates,posted,2026-08-04T14:32:09.373002,891
7621a90f42dfd265,https://md.linkedin.com/jobs/view/data-focused-project-coordinator-remote-contract-at-infuse-4448884101,"Data-Focused Project Coordinator (Remote, Contract)",INFUSE,posted,2026-08-04T14:32:14.564973,93
fb2a4eca48c30d97,https://md.linkedin.com/jobs/view/vp-finance-at-bluethrone-4448286004,VP Finance,,scraped,2026-08-04T14:32:21.285197,
c3936eac4c2a4993,https://md.linkedin.com/jobs/view/creative-producer-at-ruby-labs-4448888217,Creative Producer,Ruby Labs,posted,2026-08-04T14:32:34.686134,893
65d4d05d38a5b09d,https://md.linkedin.com/jobs/view/senior-recruiter-at-ispeedtolead-4448307137,Senior Recruiter,iSpeedToLead,posted,2026-08-04T14:32:43.778850,895
42889d7a761c9301,https://md.linkedin.com/jobs/view/blog-manager-at-ultahost-4448526286,Blog Manager,UltaHost,posted,2026-08-04T14:33:07.544205,897
570ffa26d564022c,https://md.linkedin.com/jobs/view/outbound-call-sales-agent-russian-speaking-at-best-service-team-4448856509,Outbound Call Sales Agent (Russian Speaking),Best Service Team,posted,2026-08-04T14:33:28.304598,899
851895ba39a9dc55,https://md.linkedin.com/jobs/view/engineering-team-lead-%E2%80%94-full-stack-remote-contract-at-infuse-4448605907,"Engineering Team Lead — Full Stack (Remote, Contract)",INFUSE,posted,2026-08-04T14:33:56.758053,901
8fbb8686a963822f,https://md.linkedin.com/jobs/view/system-analyst-at-maib-4446628380,System Analyst,,scraped,2026-08-04T14:34:01.428036,
0f2c6eef1144ae5d,https://md.linkedin.com/jobs/view/business-process-analyst-remote-work-at-bairesdev-4448521613,Business Process Analyst - Remote Work,BairesDev,posted,2026-08-04T14:34:27.823524,903
479236c70c3728fd,https://md.linkedin.com/jobs/view/business-process-consultant-remote-work-at-bairesdev-4448511594,Business Process Consultant - Remote Work,BairesDev,posted,2026-08-04T14:34:36.430554,905
7f3b6722629c673c,https://md.linkedin.com/jobs/view/platform-engineer-gcp-remote-work-at-bairesdev-4448506557,Platform Engineer (GCP) - Remote Work,BairesDev,posted,2026-08-04T14:34:44.754354,907
c1e3f19c866f58d8,https://md.linkedin.com/jobs/view/cloud-engineer-gcp-remote-work-at-bairesdev-4448526486,Cloud Engineer (GCP) - Remote Work,BairesDev,posted,2026-08-04T14:34:55.124305,909
005235126154f256,https://md.linkedin.com/jobs/view/senior-clinical-talent-acquisition-specialist-at-children-s-specialized-aba-4448683200,Senior Clinical Talent Acquisition Specialist,Children's Specialized ABA,posted,2026-08-04T14:35:06.567783,911
94ed9ed0f9eb5897,https://md.linkedin.com/jobs/view/anne-kj%C3%A6r-bathel-at-gr%C3%BCnden-ohne-grenzen-4446659877,Anne Kjær Bathel,,scraped,2026-08-04T17:40:38.790285,
8ca596655c8c4134,https://md.linkedin.com/jobs/view/call-center-representative-at-callsexperts-4446638003,Call Center Representative,Callsexperts,posted,2026-08-04T17:41:09.875029,913
5147126e3b8052fe,https://md.linkedin.com/jobs/view/data-warehouse-engineer-at-victoriabank-4446662736,Data Warehouse Engineer,Victoriabank,posted,2026-08-04T17:42:03.747425,915
f1ba0d817b8d211c,https://md.linkedin.com/jobs/view/fluent-english-senior-full-stack-developer-python-java-react-at-supportyourapp-4444114598,(fluent English) Senior Full-Stack Developer (Python/Java/React),SupportYourApp,posted,2026-08-04T17:42:27.721174,917
bbd9abb7bb31a2cb,https://md.linkedin.com/jobs/view/fluent-english-senior-full-stack-developer-python-java-react-at-supportyourapp-4443699961,(fluent English) Senior Full-Stack Developer (Python/Java/React),SupportYourApp,posted,2026-08-04T17:42:36.540661,917
310cc2b4f5ae04b7,https://md.linkedin.com/jobs/view/familion-aparthotel-at-slavion-travel-4446231865,Familion Aparthotel,SLAVION Travel,posted,2026-08-04T17:42:57.853557,919
efdf9fdb5d7f1bb7,https://md.linkedin.com/jobs/view/fluent-english-senior-full-stack-developer-python-java-react-at-supportyourapp-4444114600,(fluent English) Senior Full-Stack Developer (Python/Java/React),SupportYourApp,scraped,2026-08-04T17:43:02.010098,
7f3a707966094459,https://md.linkedin.com/jobs/view/senior-data-analyst-m-f-d-at-autodoc-4448526766,Senior Data Analyst (m/f/d),,scraped,2026-08-04T17:43:10.631142,
9a5b6efd23a4e336,https://md.linkedin.com/jobs/view/data-architect-gcp-bigquery-remote-work-at-bairesdev-4448521381,Data Architect - GCP / BigQuery - Remote Work,BairesDev,posted,2026-08-04T17:43:46.210402,921
e2e7e81cae8fcca5,https://md.linkedin.com/jobs/view/cloud-consulting-architect-gcp-remote-work-at-bairesdev-4448513322,Cloud Consulting Architect (GCP) - Remote Work,BairesDev,posted,2026-08-04T17:43:53.934520,923
f954e77df8247c5a,https://md.linkedin.com/jobs/view/senior-business-process-analyst-consultant-remote-work-at-bairesdev-4448524635,Senior Business Process Analyst / Consultant - Remote Work,BairesDev,posted,2026-08-04T17:44:07.999107,925
98398e737af31bb4,https://md.linkedin.com/jobs/view/fluent-english-senior-full-stack-developer-python-java-react-at-supportyourapp-4444119410,(fluent English) Senior Full-Stack Developer (Python/Java/React),SupportYourApp,posted,2026-08-04T19:24:48.480146,917
4812abb4a1fb75cc,https://md.linkedin.com/jobs/view/senior-cloud-architect-gcp-application-mainframe-modernization-remote-work-at-bairesdev-4448517459,Senior Cloud Architect (GCP) - Application & Mainframe Modernization - Remote Work,BairesDev,posted,2026-08-04T19:26:01.420101,927
4b6fa40206798d4c,https://md.linkedin.com/jobs/view/ux-ui-trainee-at-provectus-4449009397,UX/UI Trainee,Provectus,posted,2026-08-04T21:07:27.086252,929
263d4ec4f8b1abff,https://md.linkedin.com/jobs/view/frontend-developer-react-typescript-at-monatta-solutions-4449053161,Frontend Developer (React / TypeScript),,scraped,2026-08-04T21:07:53.694543,
9c10b8f027d005e4,https://md.linkedin.com/jobs/view/lead-ruby-on-rails-software-engineer-at-alex-staff-4446299460,Lead Ruby on Rails Software Engineer,Alex Staff,posted,2026-08-04T21:08:24.325449,931
3f5951c7ed2432a5,https://md.linkedin.com/jobs/view/senior-full-stack-developer-at-monatta-solutions-4449049596,Senior Full-Stack Developer,,scraped,2026-08-04T21:08:42.942885,
121203b8802107db,https://md.linkedin.com/jobs/view/cleaner-g1-roster-call-deadline-extension-at-osce-4446669055,Cleaner (G1) Roster Call (deadline extension),,scraped,2026-08-04T21:08:49.833981,
5668a53d33df4d4d,https://md.linkedin.com/jobs/view/cloud-infrastructure-engineer-at-monatta-solutions-4449043900,Cloud Infrastructure Engineer,,scraped,2026-08-04T21:09:02.183650,
3e7097a5ee2b09d6,https://md.linkedin.com/jobs/view/staff-software-engineer-europe-at-paymentology-4447513842,Staff Software Engineer Europe,,scraped,2026-08-04T21:09:09.490063,
5db4e3c89092061a,https://md.linkedin.com/jobs/view/senior-product-manager-at-toptal-4448677735,Senior Product Manager,Toptal,posted,2026-08-04T21:09:33.750481,933
8d2029c6b28bc0a9,https://md.linkedin.com/jobs/view/business-process-modeling-consultant-remote-work-at-bairesdev-4448539012,Business Process Modeling Consultant - Remote Work,BairesDev,posted,2026-08-04T21:09:42.026360,935
f2aa96bbe2a82535,https://md.linkedin.com/jobs/view/process-analyst-application-modernization-remote-work-at-bairesdev-4448535117,Process Analyst - Application Modernization - Remote Work,BairesDev,posted,2026-08-04T21:09:50.184065,937
6045b64fc2d21696,https://md.linkedin.com/jobs/view/ai-transformation-lead-at-monatta-solutions-4449033997,AI Transformation Lead,,scraped,2026-08-04T22:58:37.199047,
cf4468e677fed740,https://md.linkedin.com/jobs/view/sre-engineer-cloud-infrastructure-m-f-d-at-autodoc-4448523748,SRE Engineer (Cloud Infrastructure) m/f/d,,scraped,2026-08-04T22:59:56.729324,
d4f3e081d7ad083d,https://md.linkedin.com/jobs/view/junior-ai-automation-engineer-at-immigrant-invest-4448547063,Junior AI Automation Engineer,,scraped,2026-08-05T01:59:32.612735,
660e4cbb5f1e6ee7,https://md.linkedin.com/jobs/view/support-engineer-with-english-sos-at-stefanini-emea-4447999716,Support Engineer with English (SOS),Stefanini EMEA,posted,2026-08-05T02:00:39.928526,939
79f6c3231f256c42,https://md.linkedin.com/jobs/view/ai-ml-engineer-at-monatta-solutions-4449043901,AI / ML Engineer,,scraped,2026-08-05T02:00:48.546099,
3f34a4175eb4e86a,https://md.linkedin.com/jobs/view/integrations-analyst-m-f-d-at-autodoc-4447918059,Integrations Analyst (m/f/d),,scraped,2026-08-05T02:01:15.356478,
3fef8a324d7f1603,https://md.linkedin.com/jobs/view/cabin-crew-recruitment-day-chisinau-3-september-2026-at-wizz-air-4447329374,Cabin Crew Recruitment Day - Chisinau - 3 September 2026,,scraped,2026-08-05T05:18:08.519764,
6face8873ee16b16,https://md.linkedin.com/jobs/view/vila-arus-hotel-at-slavion-travel-4446245009,Vila Arus Hotel,SLAVION Travel,posted,2026-08-05T05:18:48.145207,941
9aeb8d3fb4980b13,https://md.linkedin.com/jobs/view/a-plot-of-land-at-moni-%0A%E2%82%A6-20m-at-loja-nigeria-4447316618,"A plot of land at moni...  
₦ 20m",,scraped,2026-08-05T05:19:06.904434,
e8977f4c8db07d2b,https://md.linkedin.com/jobs/view/creative-performance-design-lead-at-ruby-labs-4448898014,Creative Performance Design Lead,Ruby Labs,posted,2026-08-05T05:19:22.299668,943
8e932727d03bbd9f,https://md.linkedin.com/jobs/view/senior-backend-engineer-python-go-at-monatta-solutions-4449039898,Senior Backend Engineer (Python / Go),,scraped,2026-08-05T05:20:25.131525,
3481d4aae80fb141,https://md.linkedin.com/jobs/view/manhattan-hotel-at-slavion-travel-4447368326,Manhattan Hotel,SLAVION Travel,posted,2026-08-05T08:27:54.505369,945
7649a8fd3cc98f00,https://md.linkedin.com/jobs/view/family-financial-planning-at-ferguson-johnson-wealth-management-inc-4447356489,Family Financial Planning,"Ferguson Johnson Wealth Management, Inc.",posted,2026-08-05T08:28:04.503212,947
0410864647e33788,https://md.linkedin.com/jobs/view/an-18-01-531-gsb-%E2%80%93-expert-%C4%83-principal-%C4%83-%C3%AEn-colectare-%C8%99i-procesare-date-at-national-bank-of-moldova-4447356838,AN-18-01-531-GSB – Expert(ă) principal(ă) în colectare și procesare date,,scraped,2026-08-05T08:28:21.124121,
d0763797657be440,https://md.linkedin.com/jobs/view/b2b-sales-specialist-at-full-tank-4446216708,B2B Sales Specialist,Full Tank,posted,2026-08-05T08:28:37.267723,949
e9634e3d378f4f98,https://md.linkedin.com/jobs/view/risk-product-owner-direc%C8%9Bia-administrarea-riscului-de-credit-retail-departamentul-monitorizarea-%C8%99i-administrarea-riscurilor-at-otp-bank-moldova-4447367571,"Risk Product Owner,  Direcția Administrarea Riscului de Credit Retail, Departamentul Monitorizarea și Administrarea Riscurilor",,scraped,2026-08-05T08:28:41.822896,
4c52e37898c63443,https://md.linkedin.com/jobs/view/stefan-bohlken-at-qm1-die-handwerksakademie-4449447256,STEFAN BOHLKEN,,scraped,2026-08-05T08:29:02.911589,
d9fbf6b684717c51,https://md.linkedin.com/jobs/view/growth-marketing-manager-at-fixabill-trust-srl-4446662144,Growth Marketing Manager,,scraped,2026-08-05T08:29:23.019524,
346ebadc4fcf5f54,https://md.linkedin.com/jobs/view/specialist-agromagazine-at-timac-agro-east-4446637367,Specialist Agromagazine,,scraped,2026-08-05T08:29:48.785819,
9d1b8aaf97e60405,https://md.linkedin.com/jobs/view/bpm-consultant-remote-work-at-bairesdev-4448521859,BPM Consultant - Remote Work,BairesDev,posted,2026-08-05T08:30:04.625576,951
c05f423b764ef0c3,https://md.linkedin.com/jobs/view/luna-hotel-at-slavion-travel-4447366448,Luna Hotel,SLAVION Travel,posted,2026-08-05T08:30:19.413070,953
ec3415308cd82305,https://md.linkedin.com/jobs/view/asconi-winery-tour-at-slavion-travel-4445875362,Asconi Winery Tour,SLAVION Travel,posted,2026-08-05T08:30:42.176333,955
07f099e33699a7a3,https://md.linkedin.com/jobs/view/cleaner-g1-roster-call-deadline-extension-at-osce-mission-to-bosnia-and-herzegovina-4448978167,Cleaner (G1) Roster Call (deadline extension),OSCE Mission to Bosnia and Herzegovina,posted,2026-08-05T11:55:37.362801,957
98610d63c570988c,https://md.linkedin.com/jobs/view/product-designer-at-provectus-4449466761,Product Designer,Provectus,posted,2026-08-05T11:55:44.861759,959
4592e55838efc0bd,https://md.linkedin.com/jobs/view/game-marketing-manager-steam-at-midnight-works-4447375837,Game Marketing Manager (Steam),,scraped,2026-08-05T11:55:49.502085,
a590462a964f166a,https://md.linkedin.com/jobs/view/marketing-design-team-lead-at-capslock-4449000836,Marketing Design Team Lead,,scraped,2026-08-05T11:55:56.179977,
63ec193446627911,https://md.linkedin.com/jobs/view/stock-controller-at-acvilin-grup-4447387141,Stock Controller,,scraped,2026-08-05T11:56:18.461760,
23d4aef1864fe5fb,https://md.linkedin.com/jobs/view/fluent-english-senior-full-stack-developer-python-java-react-at-supportyourapp-4444102876,(fluent English) Senior Full-Stack Developer (Python/Java/React),SupportYourApp,posted,2026-08-05T11:56:27.509766,917
4b84fcf6ca97b399,https://md.linkedin.com/jobs/view/volunteering-become-ambassador-of-a-moldova-without-waste%21-at-ecovisio-4445591479,/ VOLUNTEERING / Become ambassador of a Moldova Without Waste!,,scraped,2026-08-05T11:56:33.868056,
e4e1098dd2da3e81,https://md.linkedin.com/jobs/view/corporate-french-trainer-at-gofluent-4448994398,Corporate French Trainer,,scraped,2026-08-05T11:56:45.444111,
ae11123a94946f6c,https://md.linkedin.com/jobs/view/scp-11-01-246-oi-%E2%80%93-contabil-principal-perioad%C4%83-determinat%C4%83-%C3%AEn-cadrul-sec%C8%9Biei-opera%C8%9Biuni-interne-direc%C8%9Bia-contabilitate-at-national-bank-of-moldova-4447358815,"SCP-11-01-246-OI – Contabil principal, perioadă determinată în cadrul Secției operațiuni interne, Direcția Contabilitate",,scraped,2026-08-05T11:57:21.289735,
020d78b8b4a6b98f,https://md.linkedin.com/jobs/view/jobs-vertical-lead-999-md-at-simpals-4447381482,Jobs Vertical Lead (999.md),Simpals,posted,2026-08-05T11:57:38.305049,961
82d3a05c935a54e7,https://md.linkedin.com/jobs/view/german-speaking-customer-support-operator-m-f-d-at-autodoc-4448992047,German speaking Customer Support Operator(m/f/d),,scraped,2026-08-05T11:58:12.927949,
34678bc3424133af,https://md.linkedin.com/jobs/view/moldau-chisinau-at-internationale-freiwilligeneins%C3%A4tze-4449044335,"Moldau, Chisinau",,scraped,2026-08-05T13:55:53.809045,
78c1d8e24240ae0a,https://md.linkedin.com/jobs/view/infrastructure-support-engineer-noc-engineer-m-f-d-at-autodoc-4449108100,Infrastructure Support Engineer (NOC Engineer) m/f/d,,scraped,2026-08-05T13:56:47.176774,
f7bc3ee9853da326,https://md.linkedin.com/jobs/view/corporate-french-trainer-at-gofluent-4448991454,Corporate French Trainer,,scraped,2026-08-05T13:56:57.425893,
36eb080b442d2531,https://md.linkedin.com/jobs/view/gut-reideben%C2%A0-profil-ansehen-at-nahgenuss-4448038206,Gut Reideben  Profil ansehen,,scraped,2026-08-05T15:59:47.552357,
9c26cb8483f4560f,https://md.linkedin.com/jobs/view/legal-counsel-corporate-product-compliance-at-scrambly-4446232630,Legal Counsel (Corporate & Product Compliance),,scraped,2026-08-05T16:00:30.232394,
575fb898fa77d39d,https://md.linkedin.com/jobs/view/chief-financial-officer-at-nh-tech-4447387643,Chief Financial Officer,,scraped,2026-08-05T16:00:40.873125,
1274b1ea1cefac91,https://md.linkedin.com/jobs/view/corporate-french-trainer-at-gofluent-4448021995,Corporate French Trainer,,scraped,2026-08-05T16:01:39.301023,
142bbe1b2cbaf295,https://md.linkedin.com/jobs/view/corporate-french-trainer-at-gofluent-4448039078,Corporate French Trainer,,scraped,2026-08-05T16:01:47.256566,
a52d73228bbd8152,https://md.linkedin.com/jobs/view/corporate-french-trainer-at-gofluent-4449126516,Corporate French Trainer,,scraped,2026-08-05T16:01:55.803196,
9ea54afaa13f8310,https://md.linkedin.com/jobs/view/corporate-french-trainer-at-gofluent-4449114675,Corporate French Trainer,,scraped,2026-08-05T16:02:27.539349,
f617d980762222f4,https://md.linkedin.com/jobs/view/an-30-00-117-dac-%E2%80%93-director-al-departamentului-date-analiz%C4%83-%C8%99i-cercet%C4%83ri-at-national-bank-of-moldova-4449648903,"AN-30-00-117-DAC – Director al Departamentului date, analiză și cercetări",,scraped,2026-08-05T17:44:25.790028,
e0f0a2ad16a4cdeb,https://md.linkedin.com/jobs/view/an-30-01-119-mea-%E2%80%93-%C8%99ef-%C4%83-al-a-direc%C8%9Biei-modelare-economic%C4%83-%C8%99i-analiz%C4%83-financiar%C4%83-at-national-bank-of-moldova-4449665710,AN-30-01-119-MEA – Șef(ă) al/a Direcției modelare economică și analiză financiară,,scraped,2026-08-05T17:44:33.199425,
602371965f0145b1,https://md.linkedin.com/jobs/view/scp-27-00-321-tre-%E2%80%93-traduc%C4%83tor-oare-de-limb%C4%83-englez%C4%83-pe-durat%C4%83-determinat%C4%83-%C3%AEn-direc%C8%9Bia-comunicare-%C8%99i-educa%C8%9Bie-financiar%C4%83-at-national-bank-of-moldova-4447369191,"SCP-27-00-321-TRE – Traducător(oare) de limbă engleză, pe durată determinată, în Direcția comunicare și educație financiară",,scraped,2026-08-05T17:44:40.668470,
b2516b22d551e3e2,https://md.linkedin.com/jobs/view/vila-natali-hotel-at-slavion-travel-4445884058,Vila Natali Hotel,SLAVION Travel,posted,2026-08-05T17:45:31.778847,963
034d812122b2de5b,https://md.linkedin.com/jobs/view/full-stack-engineer-at-zevetone-4448013566,Full Stack Engineer,ZevetOne,posted,2026-08-05T17:45:59.967274,379
da28cf5dc5b5d623,https://md.linkedin.com/jobs/view/delivery-project-manager-at-monatta-solutions-4449046793,Delivery / Project Manager,,scraped,2026-08-05T17:46:44.590168,
373f2b1883c11cf0,https://md.linkedin.com/jobs/view/biohof-sani%C2%A0-profil-ansehen-at-nahgenuss-4448038276,Biohof Sani  Profil ansehen,,scraped,2026-08-05T19:22:22.964978,
fa0675f8374ad2a1,https://md.linkedin.com/jobs/view/financial-analyst-at-monatta-solutions-4449054137,Financial Analyst,,scraped,2026-08-05T19:22:53.437050,
d57899859bc7c1c3,https://md.linkedin.com/jobs/view/business-development-manager-apple-%D0%B22%D0%B2-at-asbis-moldova-4421933108,Business Development Manager Apple (В2В),,scraped,2026-08-05T19:23:31.375439,
c9af20dd9f167cef,https://md.linkedin.com/jobs/view/mathematics-teacher-4447389189,Mathematics Teacher,Liceul Teoretic „Mihai Eminescu”,posted,2026-08-05T21:03:27.898196,965
a568287dd8e8f7f0,https://md.linkedin.com/jobs/view/cyber-security-specialist-it-at-openlm-4449477252,Cyber Security Specialist -IT,OpenLM,posted,2026-08-05T21:03:52.725984,967
718d2ae87fab59f0,https://md.linkedin.com/jobs/view/react-native-developer-mid-senior-at-software-mind-4449672062,React Native Developer (Mid/Senior),,scraped,2026-08-05T21:04:23.289008,
ae708799a9df4e3f,https://md.linkedin.com/jobs/view/hr-service-manager-ukraine-at-safeguard-global-4447003666,"HR Service Manager, Ukraine",Safeguard Global,posted,2026-08-05T21:05:11.903072,969
29593b43b7f56aad,https://md.linkedin.com/jobs/view/unity-developer-at-alkame-games-4448013935,Unity Developer,Alkame Games,posted,2026-08-05T22:55:10.854179,971
26eb5c1c984f336c,https://md.linkedin.com/jobs/view/senior-backend-engineer-node-js-go-at-bluethrone-4449129395,Senior Backend Engineer (Node.js & Go),,scraped,2026-08-06T02:03:44.897951,
6fe328226931cac7,https://md.linkedin.com/jobs/view/senior-marketing-strategist-at-capslock-4449662561,Senior Marketing Strategist,,scraped,2026-08-06T06:26:23.170341,
37e8f7fa38b6923f,https://md.linkedin.com/jobs/view/head-of-brand-marketing-at-scrambly-4448043599,Head of Brand Marketing,,scraped,2026-08-06T06:26:47.337422,
271013308dffe550,https://md.linkedin.com/jobs/view/telecom-sales-development-representative-at-s-p-solutions-4447386151,Telecom Sales Development Representative,,scraped,2026-08-06T10:34:58.452100,
39757e52baa8c4e1,https://md.linkedin.com/jobs/view/roster-of-national-individual-consultants-in-child-protection-chisinau-moldova-at-unicef-chad-4448088163,"Roster of National Individual Consultants in Child Protection, Chisinau, Moldova",Unicef CHAD,posted,2026-08-06T10:35:45.924000,973
544f33d88327a837,https://md.linkedin.com/jobs/view/roster-of-national-individual-consultants-in-child-protection-chisinau-moldova-at-unicef-mk-4449360950,"Roster of National Individual Consultants in Child Protection, Chisinau, Moldova",,scraped,2026-08-06T10:35:52.340158,
49078d26432923fd,https://md.linkedin.com/jobs/view/senior-typescript-nestjs-platform-engineer-at-mit-dev-com-4450232320,Senior TypeScript / NestJS Platform Engineer,,scraped,2026-08-06T10:36:02.263570,
c7ecff9884cb21da,https://md.linkedin.com/jobs/view/fde-ai-solutions-architect-ai-python-data-at-provectus-4447519852,"FDE AI/ Solutions Architect (AI, Python/Data)",Provectus,posted,2026-08-06T10:36:58.572969,975
4ddfb05af12b1def,https://md.linkedin.com/jobs/view/business-analyst-echipa-de-analiz%C4%83-func%C8%9Bional%C4%83-departamentul-analiza-func%C8%9Bional%C4%83-a-sistemelor-infoma%C8%9Bionale-at-otp-bank-moldova-4448094658,"Business Analyst, Echipa de Analiză Funcțională, Departamentul Analiza Funcțională a Sistemelor Infomaționale",,scraped,2026-08-06T13:52:43.037825,
553872bc55298044,https://md.linkedin.com/jobs/view/marketing-and-culture-specialist-at-fusionworks-4448407586,Marketing and Culture Specialist,,scraped,2026-08-06T13:53:00.039236,
5b5b69912210fd96,https://md.linkedin.com/jobs/view/roster-of-national-individual-consultants-in-child-protection-chisinau-moldova-at-unicef-4450227789,"Roster of National Individual Consultants in Child Protection, Chisinau, Moldova",UNICEF,posted,2026-08-06T13:53:34.894240,973
21fb86d737a36b85,https://md.linkedin.com/jobs/view/senior-ai-ml-engineer-genai-aws-at-provectus-4447522802,"Senior AI/ML Engineer (GenAI, AWS)",Provectus,posted,2026-08-06T13:54:41.382962,977
cbefd46e28bdb004,https://md.linkedin.com/jobs/view/mhpss-senior-project-associate-at-iom-un-migration-4450251952,MHPSS Senior Project Associate,IOM - UN Migration,posted,2026-08-06T23:55:06.034649,979
600778f892f71492,https://md.linkedin.com/jobs/view/roster-of-national-individual-consultants-in-child-protection-chisinau-moldova-at-unicef-bangladesh-4449758393,"Roster of National Individual Consultants in Child Protection, Chisinau, Moldova",UNICEF Bangladesh,posted,2026-08-06T23:55:33.799760,973
be78c183ac7027ca,https://md.linkedin.com/jobs/view/frontend-engineer-at-mwdn-4449738795,Frontend Engineer,MWDN,posted,2026-08-06T23:55:52.661357,981
8842158e639ea6fe,https://md.linkedin.com/jobs/view/senior-software-engineer-node-js-aws-at-3pillar-4450659454,Senior Software Engineer - Node.js/ AWS,3Pillar,posted,2026-08-06T23:56:09.611901,983
00c66f6b6bee0d6b,https://md.linkedin.com/jobs/view/charolaishof-tr%C3%B6stl%C2%A0-profil-ansehen-at-nahgenuss-4448443310,Charolaishof Tröstl  Profil ansehen,,scraped,2026-08-06T23:56:12.090159,
f8aa9f5bbd147009,https://md.linkedin.com/jobs/view/an-18-03-200-ads-%E2%80%93-economist-%C4%83-principal-%C4%83-responsabil-%C4%83-de-analiza-%C8%99i-diseminarea-statisticii-sectorului-extern-at-national-bank-of-moldova-4450294248,AN-18-03-200-ADS – Economist(ă) principal(ă) responsabil(ă) de analiza și diseminarea statisticii sectorului extern,,scraped,2026-08-06T23:56:24.627385,
2607ba68cd85de1b,https://md.linkedin.com/jobs/view/analist-business-raport%C4%83ri-senior-departamentul-managementul-sistemelor-informa%C8%9Bionale-at-otp-bank-moldova-4448425159,"Analist Business Raportări Senior, Departamentul Managementul Sistemelor Informaționale",,scraped,2026-08-06T23:56:43.723441,
90ea9f19891dfc16,https://md.linkedin.com/jobs/view/alege-ora%C8%99ul-at-dent-estet-4448775217,Alege orașul,,scraped,2026-08-07T10:48:01.789673,
3bf8b39dddc8591e,https://md.linkedin.com/jobs/view/social-media-paid-social-specialist-at-asbis-4448484341,Social Media & Paid Social Specialist,,scraped,2026-08-07T10:48:23.644438,
eb28c707cf71dc20,https://md.linkedin.com/jobs/view/alege-ora%C8%99ul-at-dent-estet-4448774248,Alege orașul,,scraped,2026-08-07T10:50:13.166185,
b44723bf5f5ab300,https://md.linkedin.com/jobs/view/alege-ora%C8%99ul-at-dent-estet-4448767373,Alege orașul,,scraped,2026-08-07T10:50:20.287925,
ba03c7ccca8a4a1a,https://md.linkedin.com/jobs/view/alege-ora%C8%99ul-at-dent-estet-4448762491,Alege orașul,,scraped,2026-08-07T10:50:27.450046,
c2ef76517f5a2f65,https://md.linkedin.com/jobs/view/alege-ora%C8%99ul-at-dent-estet-4448759715,Alege orașul,,scraped,2026-08-07T10:50:34.285447,
4b19a46f3eecc732,https://md.linkedin.com/jobs/view/alege-ora%C8%99ul-at-dent-estet-4448757887,Alege orașul,,scraped,2026-08-07T10:50:41.158992,
1d9d3b8852140246,https://md.linkedin.com/jobs/view/alege-ora%C8%99ul-at-dent-estet-4448760687,Alege orașul,,scraped,2026-08-07T10:50:48.124468,
4b3371a77e733d1c,https://md.linkedin.com/jobs/view/integrations-analyst-m-f-d-at-autodoc-4449738869,Integrations Analyst (m/f/d),,scraped,2026-08-07T12:51:30.264996,
43cebc3284094c8c,https://md.linkedin.com/jobs/view/it-business-development-manager-at-fusionworks-4448418102,IT Business Development Manager,,scraped,2026-08-07T12:51:38.879545,
856e0bbcb04ec514,https://md.linkedin.com/jobs/view/brand-manager-servicii-digitale-at-moldtelecom-4448738666,Brand Manager Servicii Digitale,,scraped,2026-08-07T12:51:46.703972,
9dc0e1ca73f233a5,https://md.linkedin.com/jobs/view/mobile-qa-engineer-at-bluethrone-4448770380,Mobile QA Engineer,,scraped,2026-08-07T12:52:21.676501,
b316c1aaf1c955a7,https://md.linkedin.com/jobs/view/alege-ora%C8%99ul-at-dent-estet-4448766354,Alege orașul,,scraped,2026-08-07T12:53:33.854059,
6e1ef2a09bdb4451,https://md.linkedin.com/jobs/view/national-finance-officer-np1-at-osce-4448013911,National Finance Officer (NP1),,scraped,2026-08-07T14:49:29.640857,
19bb5d7eef7fd066,https://md.linkedin.com/jobs/view/engineering-manager-at-toptal-4450697793,Engineering Manager,Toptal,posted,2026-08-07T14:50:14.129009,985
0c1f31daf929da3d,https://md.linkedin.com/jobs/view/senior-brand-manager-at-moldtelecom-4448089618,Senior Brand Manager,,scraped,2026-08-07T14:50:28.858165,
63280c1359ba872d,https://md.linkedin.com/jobs/view/deadline-extended-national-individual-consultant-to-adapt-the-edutech-lab-institutionalisation-guide-chisinau-moldova-3-months-at-unicef-chad-4448082974,"Deadline extended: National Individual Consultant to adapt the EduTech Lab Institutionalisation Guide (Chisinau, Moldova), 3 months",Unicef CHAD,posted,2026-08-07T14:50:56.899090,987
0c44dfc70c0516e6,https://md.linkedin.com/jobs/view/ml-ai-engineer-ocr-document-structure-project-at-expert-executive-recruiters-eer-global-4450067477,ML/ AI Engineer (OCR/ Document structure project),Expert Executive Recruiters (EER Global),posted,2026-08-07T14:51:04.884996,989
c8ac3851b58fcb20,https://md.linkedin.com/jobs/view/contabil-at-timac-agro-east-4446630888,Contabil,,scraped,2026-08-07T16:48:25.642808,
a93bffed50967c9d,https://md.linkedin.com/jobs/view/senior-backend-engineer-node-js-at-bluethrone-4449129395,Senior Backend Engineer (Node.js),,scraped,2026-08-07T16:50:08.446196,
c45d0f0c1e690115,https://md.linkedin.com/jobs/view/auditor-within-moldova-team-%E2%80%93-financial-services-industries-at-kpmg-moldova-4450302243,Auditor within Moldova Team – Financial Services Industries,KPMG Moldova,posted,2026-08-07T20:35:29.719135,991
c3a04db740594fb0,https://md.linkedin.com/jobs/view/director-departament-achizi%C8%9Bii-4448799221,Director Departament Achiziții,",,GOLBAN - TRADE,, S.R.L.",posted,2026-08-07T20:35:49.435417,993
1e11c60480b4c40b,https://md.linkedin.com/jobs/view/international-business-development-export-manager-industria-modei-at-apius-asocia%C8%9Bia-patronal%C4%83-din-industria-u%C8%99oar%C4%83-4448768826,International Business Development & Export Manager  (Industria Modei),,scraped,2026-08-07T20:35:56.084507,
3d768838e4c180c4,https://md.linkedin.com/jobs/view/%C8%99ef-direc%C8%9Bie-integr%C4%83ri-at-maib-4448790306,Șef Direcție Integrări,,scraped,2026-08-07T20:36:04.044413,
d7db7bfcb2dce8c4,https://md.linkedin.com/jobs/view/scp-11-02-200-erf-%E2%80%93-economist-principal-responsabil-de-raportarea-financiar%C4%83-at-national-bank-of-moldova-4450735183,SCP-11-02-200-ERF – Economist principal responsabil de raportarea financiară,,scraped,2026-08-07T20:36:57.912978,
fd49693b3a49009e,https://md.linkedin.com/jobs/view/manager-rela%C8%9Bii-clien%C8%9Bi-%C3%AEmm-divizia-business-banking-at-maib-4450208148,Manager relații clienți ÎMM | Divizia Business Banking,,scraped,2026-08-07T20:37:09.408073,
60dceecdd68927be,https://md.linkedin.com/jobs/view/program-development-manager-apple-%D0%B22%D0%B2-at-asbis-moldova-4421933108,Program Development Manager Apple (В2В),,scraped,2026-08-07T22:30:31.799050,
47b3f282c53274f2,https://md.linkedin.com/jobs/view/criminal-history-records-at-trusted-employees-4450510871,Criminal History Records,Trusted Employees,posted,2026-08-08T03:20:47.182999,995
8c795cd467652eac,https://md.linkedin.com/jobs/view/the-greenlea-story-at-greenlea-premier-meats-ltd-4450571311,THE GREENLEA STORY,,scraped,2026-08-08T04:51:47.837151,
2219716d519854b7,https://md.linkedin.com/jobs/view/innovation-project-leader-at-recruiting-espresso-4448776400,Innovation Project Leader,Recruiting Espresso,posted,2026-08-08T10:26:50.658891,997
a54ea4d3be0e5f7e,https://md.linkedin.com/jobs/view/specialist-%C3%AEn-v%C3%A2nz%C4%83ri-at-iucosoft-4448788000,Specialist în Vânzări,,scraped,2026-08-08T10:27:01.173220,
cfdbac41bcfe7c06,https://md.linkedin.com/jobs/view/senior-flutter-developer-%E2%80%94-mit-dev-at-mit-dev-com-4451074255,Senior Flutter Developer — MIT-DEV,,scraped,2026-08-08T12:37:39.545740,
e0b7effd467d1750,https://md.linkedin.com/jobs/view/operator-agent-servicii-clien%C8%9Bi-at-donaris-vienna-insurance-group-4450691921,Operator/Agent Servicii Clienți,,scraped,2026-08-08T12:37:52.725680,
71f30e0d119c0b35,https://md.linkedin.com/jobs/view/middle-full-stack-developer-java-spring-ai-assisted-at-oneest-4450301954,Middle Full Stack Developer (Java / Spring/ AI-assisted),,scraped,2026-08-08T16:28:07.192772,
fe9b5aed5f6997c9,https://md.linkedin.com/jobs/view/project-manager-at-kooperativa-moldova-4390025049,Project Manager,Kooperativa Moldova,posted,2026-08-08T18:30:28.178942,999
2410f7ebd55dae5c,https://md.linkedin.com/jobs/view/head-director-of-operations-at-ai-acquisition-4450319928,Head/Director of Operations,AI Acquisition,posted,2026-08-08T18:31:15.179337,1001
c113d6347ae847da,https://md.linkedin.com/jobs/view/digital-art-creation-at-vnu-s%C3%A9n%C3%A9gal-gambie-4450950299,Digital Art Creation,VNU Sénégal/Gambie,posted,2026-08-09T20:27:43.011321,1003
f54b4221b4749fa9,https://md.linkedin.com/jobs/view/national-individual-consultant-legal-expert-chisinau-moldova-programme-social-policy-section-4-months-remote-work-from-home-at-unicef-chad-4449507749,"National Individual Consultant - Legal expert - Chisinau, Moldova, Programme/Social Policy Section - 4 months (remote/work from home))",Unicef CHAD,posted,2026-08-09T22:26:45.194486,1005
f91b00a30c20be19,https://md.linkedin.com/jobs/view/vacancy-notice-for-the-assistant-to-the-resident-twinning-advisor-rta-at-eubam-libya-4451375427,Vacancy notice for the Assistant to the Resident Twinning Advisor (RTA),,scraped,2026-08-10T01:18:09.048316,
257ff28ac133bb11,https://md.linkedin.com/jobs/view/%C3%AEngrijitor-%C3%AEngrijitoare-%C3%AEnc%C4%83peri-metro-po%C8%99ta-veche-at-carra-4451116602,Îngrijitor/ Îngrijitoare încăperi Metro Poșta Veche,,scraped,2026-08-10T07:20:26.989348,
3a1050e2e6807ddf,https://md.linkedin.com/jobs/view/%D0%BA%D0%BE%D0%BE%D1%80%D0%B4%D0%B8%D0%BD%D0%B0%D1%82%D0%BE%D1%80-%D0%BB%D0%BE%D0%B3%D0%B8%D1%81%D1%82%D0%B8%D0%BA%D0%B8-at-m3cargo-4449529817,Координатор логистики,M3Cargo,failed|wp_post_failed,2026-08-10T07:21:21.305473,
f2df9fda4b4da37a,https://md.linkedin.com/jobs/view/learning-development-manager-tarol-dd-at-tarol-dd-4449549331,Learning & Development Manager TAROL DD,Tarol-DD,posted,2026-08-10T09:14:20.788468,21
8fb95e96015dfbf8,https://md.linkedin.com/jobs/view/senior-project-associate-%E2%80%93-infrastructure-support-at-iom-un-migration-4450261697,Senior Project Associate – Infrastructure Support,IOM - UN Migration,posted,2026-08-10T09:14:51.099197,1007
021f24bd661d6a3c,https://md.linkedin.com/jobs/view/national-consultant-justice-reform-at-libero-careers-4451509305,National Consultant - Justice Reform,,scraped,2026-08-10T09:15:21.744624,
1438794bcf0e0cf0,https://md.linkedin.com/jobs/view/qa-automation-engineer-at-international-company-4449554057,QA Automation Engineer,international company,posted,2026-08-10T09:15:40.052962,1009
4c2198ffd91775dd,https://md.linkedin.com/jobs/view/specialist-marketing-at-medpark-international-hospital-4449547700,Specialist Marketing,,scraped,2026-08-10T11:04:33.201990,
ac6dee4bb04aac93,https://md.linkedin.com/jobs/view/consultant-comercial-educa%C8%9Bional-at-iucosoft-4449550402,Consultant Comercial Educațional,,scraped,2026-08-10T11:04:43.202857,
35182e41f470b60f,https://md.linkedin.com/jobs/view/freelance-recruiter-%E2%80%94-powered-by-hire-abroad-at-hire-abroad-4449531704,FREELANCE RECRUITER — POWERED BY HIRE ABROAD,,scraped,2026-08-10T11:05:42.281509,
594f068766e507cb,https://md.linkedin.com/jobs/view/alege-ora%C8%99ul-at-dent-estet-4448762498,Alege orașul,,scraped,2026-08-10T11:06:06.872579,
93e91acbd6e1795f,https://md.linkedin.com/jobs/view/%D0%BC%D0%B5%D0%BD%D0%B5%D0%B4%D0%B6%D0%B5%D1%80-%D0%BF%D1%80%D0%BE%D0%B4%D0%B0%D0%B6-lead-generation-specialist-at-b2b-clean-space-4449546802,Менеджер продаж - Lead Generation Specialist,,scraped,2026-08-10T12:57:09.960965,
75438b1a05c0b4c4,https://md.linkedin.com/jobs/view/software-engineer-node-js-angular-career-opportunities-at-dev-pro-at-dev-pro-4451530172,"Software Engineer (Node.js, Angular) Career Opportunities at Dev.Pro",Dev.Pro,posted,2026-08-10T12:58:05.918409,1011
6fe737c3421e177a,https://md.linkedin.com/jobs/view/servicenow-developer-remote-work-at-bairesdev-4451192539,ServiceNow Developer - Remote Work,BairesDev,posted,2026-08-10T14:54:09.889257,519
952712f027adeeb0,https://md.linkedin.com/jobs/view/%C8%99ef-%C8%99ef%C4%83-grup-administrare-riscuri-opera%C8%9Bionale-at-maib-4449543688,Șef/Șefă Grup Administrare Riscuri Operaționale,,scraped,2026-08-10T14:54:26.654192,
6fc7b5d2901810c2,https://md.linkedin.com/jobs/view/economist-%C8%99ef-divizia-financiar%C4%83-at-otp-bank-moldova-4449555766,"Economist-Șef, Divizia Financiară",,scraped,2026-08-10T14:54:37.867715,
515d814a66793835,https://md.linkedin.com/jobs/view/test-engineer-manual-career-opportunities-at-dev-pro-at-dev-pro-4451519683,Test Engineer Manual Career Opportunities at Dev.Pro,Dev.Pro,posted,2026-08-10T14:55:14.149018,1013
06f3d4b9bbb2075f,https://md.linkedin.com/jobs/view/test-engineer-automation-python-career-opportunities-at-dev-pro-at-dev-pro-4451511624,Test Engineer Automation (Python) Career Opportunities at Dev.Pro,Dev.Pro,posted,2026-08-10T14:55:24.040323,1015
5fe09fb19798985a,https://md.linkedin.com/jobs/view/be-your-own-boss-in-recruitment-%E2%80%94-powered-by-hire-abroad-at-hire-abroad-4449531994,BE YOUR OWN BOSS IN RECRUITMENT — POWERED BY HIRE ABROAD,,scraped,2026-08-10T14:55:30.753682,
4020b52bc2cad5b6,https://md.linkedin.com/jobs/view/be-your-own-boss-in-recruitment-%E2%80%94-powered-by-hire-abroad-at-hire-abroad-4449550674,BE YOUR OWN BOSS IN RECRUITMENT — POWERED BY HIRE ABROAD,,scraped,2026-08-10T14:55:41.580933,
18c4517e231a051a,https://md.linkedin.com/jobs/view/airport-passenger-support-freelance-at-flighthelp-4451194023,Airport Passenger Support (Freelance),FlightHelp,posted,2026-08-10T14:55:50.367621,691
b27f6814889d2612,https://md.linkedin.com/jobs/view/experienced-audit-associate-a2-eu-funds-pwc-moldova-at-pwc-central-and-eastern-europe-4450940821,"Experienced Audit Associate A2, EU Funds, PwC Moldova",PwC Central and Eastern Europe,posted,2026-08-10T14:56:08.379376,1017
a5a9f4f26372dc23,https://md.linkedin.com/jobs/view/an-18-03-200-pis-%E2%80%93-economist-%C4%83-principal-%C4%83-responsabil-%C4%83-de-producerea-indicatorilor-statisticii-sectorului-extern-at-national-bank-of-moldova-4450742033,AN-18-03-200-PIS – Economist(ă) principal(ă) responsabil(ă) de producerea indicatorilor statisticii sectorului extern,,scraped,2026-08-10T14:56:12.968263,
7615ef081780d2d0,https://md.linkedin.com/jobs/view/technical-support-engineer-l2-l3-at-mwdn-4451199378,Technical Support Engineer (L2/L3),MWDN,posted,2026-08-10T16:50:09.422677,1019
691fb3116093110d,https://md.linkedin.com/jobs/view/business-analyst-supply-analytics-bangkok-based-relocation-provided-at-agoda-4451557198,"Business Analyst (Supply Analytics, Bangkok-based, Relocation provided)",Agoda,posted,2026-08-10T16:51:30.792737,1021
2eeb439a093ebb28,https://md.linkedin.com/jobs/view/data-scientist-senior-analyst-supply-analytics-bangkok-based-relocation-provided-at-agoda-4451547692,"Data Scientist/Senior Analyst (Supply Analytics, Bangkok-based, Relocation provided)",Agoda,posted,2026-08-10T16:52:50.668296,1023
508ec3f167c605ef,https://md.linkedin.com/jobs/view/r-d-combined-expertise-bak-pat-at-puratos-4448976102,"R&D - combined expertise(BAK, PAT)",,scraped,2026-08-10T18:49:25.516136,
10c2466d5621b912,https://md.linkedin.com/jobs/view/sap-basis-technical-services-coordinator-at-stefanini-emea-4439853050,SAP Basis Technical Services Coordinator,Stefanini EMEA,posted,2026-08-10T18:51:41.468161,1025
96f4f06e67ce8335,https://md.linkedin.com/jobs/view/support-engineer-with-english-linde-at-stefanini-emea-4451422066,Support Engineer with English (Linde),Stefanini EMEA,posted,2026-08-10T18:52:36.720343,1027
c684ac457d34b980,https://md.linkedin.com/jobs/view/payroll-accountant-%E2%80%94-us-payroll-at-united-traffic-control-solutions-llc-4449519421,Payroll Accountant — US Payroll,United Traffic Control Solutions LLC,posted,2026-08-10T20:36:47.569164,1029
72824c6334031efa,https://md.linkedin.com/jobs/view/talent-coach-at-toptal-4451880705,Talent Coach,Toptal,posted,2026-08-10T20:37:15.024387,1031
ef35621af073f13e,https://md.linkedin.com/jobs/view/alege-ora%C8%99ul-at-dent-estet-4448778079,Alege orașul,,scraped,2026-08-10T22:34:10.571840,
1d98f1383b48853a,https://md.linkedin.com/jobs/view/alege-ora%C8%99ul-at-dent-estet-4448771330,Alege orașul,,scraped,2026-08-10T22:34:19.684890,
be7f6b2bd808bc60,https://md.linkedin.com/jobs/view/analyst-supply-analytics-bangkok-based-relocation-provided-at-agoda-4451548615,"Analyst (Supply Analytics, Bangkok-based, Relocation provided)",Agoda,posted,2026-08-11T03:40:50.475602,1033
9b15dc7f7c41227c,https://md.linkedin.com/jobs/view/director-structur%C4%83-turistic%C4%83-at-purcari-wineries-group-4451116510,Director Structură Turistică,,scraped,2026-08-11T06:58:29.923887,
20561573b9979ca1,https://md.linkedin.com/jobs/view/financial-investment-analysts-ai-training-at-braintrust-4452180921,Financial & Investment Analysts - AI Training,Braintrust,posted,2026-08-11T06:59:34.249603,1035
6a5f250d54974cef,https://md.linkedin.com/jobs/view/senior-ai-trainer-financial-investment-analysts-at-braintrust-4452401451,"Senior AI Trainer, Financial & Investment Analysts",Braintrust,posted,2026-08-11T06:59:42.804138,1037
c1c56fe6a16347dd,https://md.linkedin.com/jobs/view/account-executives-b2b-ai-training-at-braintrust-4452196651,Account Executives (B2B) - AI Training,Braintrust,posted,2026-08-11T07:00:14.993801,1039
99496a5c3d52cac4,https://md.linkedin.com/jobs/view/sales-managers-revops-ai-training-at-braintrust-4452180922,Sales Managers / RevOps - AI Training,Braintrust,posted,2026-08-11T07:00:24.605049,1041
46f663fdff454f19,https://md.linkedin.com/jobs/view/account-manager-at-institute-of-project-management-4448733987,Account Manager,Institute of Project Management,posted,2026-08-11T08:50:19.580801,481
51d3c8236178620d,https://md.linkedin.com/jobs/view/speakday-is-hiring-community-representative-%E2%80%93-moldova-at-speakday-4451639471,Speakday is Hiring: Community Representative – Moldova,,scraped,2026-08-11T08:50:34.193889,
275bd3634af3e33a,https://md.linkedin.com/jobs/view/specialist-risc-tic-%C8%99i-securitatea-informa%C8%9Biei-at-maib-4452419395,Specialist Risc TIC și Securitatea Informației,,scraped,2026-08-11T08:51:23.088977,
65ad6261f96d6512,https://md.linkedin.com/jobs/view/expert-sourcing-and-recruitment-consultant-at-ntu-international-a-s-4452423744,Expert Sourcing and Recruitment Consultant,,scraped,2026-08-11T10:45:58.677219,
df34e08df0f0858b,https://md.linkedin.com/jobs/view/expert-v%C3%A2nz%C4%83ri-at-pfb-consulting-4452418314,Expert Vânzări,PfB Consulting,posted,2026-08-11T12:54:23.348358,1043
54bc7e44f731c9bf,https://md.linkedin.com/jobs/view/community-based-protection-officer-unhcr-at-norcap-part-of-the-norwegian-refugee-council-4452447541,Community-Based Protection Officer UNHCR,,scraped,2026-08-11T12:54:31.915645,
ec1097b6f0a2416e,https://md.linkedin.com/jobs/view/esg-and-innovation-project-leader-at-international-company-4449852279,ESG and Innovation Project Leader,international company,posted,2026-08-11T14:54:43.585684,1045
dd3ba635fb2875d3,https://md.linkedin.com/jobs/view/senior-frontend-platform-engineer-at-n8n-4452455851,Senior Frontend Platform Engineer,,scraped,2026-08-11T14:55:28.218704,
4d10e6702ce1552f,https://md.linkedin.com/jobs/view/corporate-spanish-trainer-english-bilingual-at-gofluent-4451638916,Corporate Spanish Trainer (English Bilingual),,scraped,2026-08-11T14:55:50.514000,
27848a5a228c9b68,https://md.linkedin.com/jobs/view/experienced-native-russian-writers-finance-payments-remote-at-language-bear-4451699385,Experienced Native Russian Writers (Finance & Payments) (Remote),Language Bear,posted,2026-08-11T14:56:37.318416,1047
b529297dc15bd50f,https://md.linkedin.com/jobs/view/military-member-s2-at-osce-4449870243,Military Member (S2),,scraped,2026-08-11T16:54:11.626392,
23b87ff9ae7171d0,https://md.linkedin.com/jobs/view/b1-b2-licenced-engineers-%E2%80%93-line-maintenance-at-aeroprofessional-limited-4449840676,B1/B2 Licenced Engineers – Line Maintenance,,scraped,2026-08-11T16:55:40.339597,
b47fb464d0156ec1,https://md.linkedin.com/jobs/view/data-architect-gcp-bigquery-remote-work-at-bairesdev-4451907270,Data Architect - GCP / BigQuery - Remote Work,BairesDev,posted,2026-08-11T16:56:06.341393,921
026a3b56404dfc27,https://md.linkedin.com/jobs/view/pol-21-03-554-me-expert-%C4%83-consultant-%C4%83-responsabil-%C4%83-de-elaborarea-modelelor-economice-at-national-bank-of-moldova-4452482964,POL-21-03-554-ME - Expert(ă) consultant(ă) responsabil(ă) de elaborarea modelelor economice,,scraped,2026-08-11T18:56:01.177853,
031ba2f178641fcd,https://md.linkedin.com/jobs/view/business-process-modeling-consultant-remote-work-at-bairesdev-4451918392,Business Process Modeling Consultant - Remote Work,BairesDev,posted,2026-08-11T18:56:28.323451,935
6a44adeeb2fb1b44,https://md.linkedin.com/jobs/view/manager-v%C3%A2nz%C4%83ri-la-telefon-b2b-at-dad-human-capital-4449843287,Manager Vânzări la telefon B2B,,scraped,2026-08-11T18:56:36.997471,
5d354219972d1b60,https://md.linkedin.com/jobs/view/business-process-analyst-remote-work-at-bairesdev-4451914409,Business Process Analyst - Remote Work,BairesDev,posted,2026-08-11T18:57:33.695121,903
e9f64adc9fecb8e1,https://md.linkedin.com/jobs/view/hr-administrator-cg-auto-europe-hq-at-moldcell-4452452871,HR Administrator (CG Auto Europe HQ),,scraped,2026-08-11T20:38:55.374949,
de16ecdd4d3acb68,https://md.linkedin.com/jobs/view/sap-application-support-tier-1-at-gilat-satellite-networks-4452497443,SAP Application Support (Tier 1),Gilat Satellite Networks,posted,2026-08-11T20:39:24.589709,1049
e0a6c86c80b958ad,https://md.linkedin.com/jobs/view/executive-assistant-business-development-manager-at-intermezzo-sports-4449817314,Executive Assistant & Business Development Manager,,scraped,2026-08-11T20:39:37.233581,
981b1416fcfa68f3,https://md.linkedin.com/jobs/view/open-source-platform-engineer-at-cavendish-professionals-4449876067,Open Source Platform Engineer,,scraped,2026-08-11T20:39:58.520309,
7154db7cfcd9f267,https://md.linkedin.com/jobs/view/experienced-native-russian-editors-finance-payments-remote-at-language-bear-4451900298,Experienced Native Russian Editors (Finance & Payments) (Remote),Language Bear,posted,2026-08-11T20:40:31.775316,1051
cfe85452a9766211,https://md.linkedin.com/jobs/view/experienced-native-russian-translators-finance-payments-remote-at-language-bear-4451696412,Experienced Native Russian Translators (Finance & Payments) (Remote),Language Bear,posted,2026-08-11T20:40:43.300033,1053
19b4453fd64258f4,https://md.linkedin.com/jobs/view/lead-ppc-manager-at-scrambly-4448434449,Lead PPC Manager,,scraped,2026-08-11T22:36:39.102796,
ce0652334eae532b,https://md.linkedin.com/jobs/view/cloud-engineer-gcp-remote-work-at-bairesdev-4451915265,Cloud Engineer (GCP) - Remote Work,BairesDev,posted,2026-08-11T22:38:24.184958,909
217317f247b4da1f,https://md.linkedin.com/jobs/view/business-development-manager-4452196889,Business Development Manager,Girnet delivery LTD,posted,2026-08-12T07:17:23.478669,1055
400e3a63a33a8eeb,https://md.linkedin.com/jobs/view/researcher-with-english-and-dutch-at-a-data-pro-4450108250,Researcher with English and Dutch,,scraped,2026-08-12T07:17:56.078364,
6c565a28cb3d7311,https://md.linkedin.com/jobs/view/%D0%BA%D0%BE%D0%BE%D1%80%D0%B4%D0%B8%D0%BD%D0%B0%D1%82%D0%BE%D1%80-%D0%BF%D0%BE-%D0%BD%D0%B0%D0%B9%D0%BC%D1%83-%D0%BF%D0%B5%D1%80%D1%81%D0%BE%D0%BD%D0%B0%D0%BB%D0%B0-at-pfb-consulting-4449860138,Координатор по найму персонала,PfB Consulting,failed|wp_post_failed,2026-08-12T09:07:45.555779,
100d685d0070c431,https://md.linkedin.com/jobs/view/%D0%BC%D0%B5%D0%BD%D0%B5%D0%B4%D0%B6%D0%B5%D1%80-%D0%BF%D0%BE-%D1%8D%D0%BA%D1%81%D0%BF%D0%BE%D1%80%D1%82%D1%83-at-zernoff-ethanol-4348051897,Менеджер по экспорту,,scraped,2026-08-12T09:07:48.147130,
17e46c3238b318db,https://md.linkedin.com/jobs/view/test-automation-engineer-python-and-ai-at-avenga-4449874031,Test Automation Engineer (Python and AI),,scraped,2026-08-12T09:08:22.576063,
5dfb83b780a0e5ca,https://md.linkedin.com/jobs/view/senior-javascript-node-js-mcp-developer-fintech-project-at-sigma-software-4453091288,Senior JavaScript/Node.js MCP Developer (FinTech Project),,scraped,2026-08-12T09:08:50.037124,
a7bae7eef00fe6bf,https://md.linkedin.com/jobs/view/human-resources-office-manager-at-buy-business-class-4450120846,Human Resources Office Manager,Buy Business Class,posted,2026-08-12T10:57:30.568495,1057
3bc59f96ad13850e,https://md.linkedin.com/jobs/view/junior-it-recruiter-at-coherent-solutions-4450134242,Junior IT Recruiter,Coherent Solutions,posted,2026-08-12T12:56:18.784178,479
09fd574c1d83123f,https://md.linkedin.com/jobs/view/senior-finance-specialist-at-rinor-consulting-4452423133,Senior Finance Specialist,Rinor Consulting,posted,2026-08-12T12:57:18.369780,1059
97f69cd256fdc362,https://md.linkedin.com/jobs/view/python-developer-at-grid-dynamics-4450135020,Python Developer,Grid Dynamics,posted,2026-08-12T12:57:35.398643,449
e86d3beac19e8571,https://md.linkedin.com/jobs/view/deputy-manager-dm-1-eu-funds-pwc-moldova-at-pwc-central-and-eastern-europe-4451171879,Deputy Manager (DM 1) - EU Funds PwC Moldova,PwC Central and Eastern Europe,posted,2026-08-12T12:58:01.170675,1061
59e797fa71761c75,https://md.linkedin.com/jobs/view/experienced-audit-consultant-chisinau-at-ey-4452379905,Experienced Audit Consultant | Chisinau,EY,posted,2026-08-12T14:53:14.889239,1063
8402da2a1523242f,https://md.linkedin.com/jobs/view/technical-account-manager-remote-europe-at-n8n-4453137158,Technical Account Manager (Remote Europe),,scraped,2026-08-12T14:54:07.519903,
12d5edc5cc1eb416,https://md.linkedin.com/jobs/view/po-14-00-531-ist-expert-%C4%83-principal-%C4%83-responsabil-%C4%83-de-cercetarea-istoric%C4%83-pentru-emisiunile-numismatice-at-national-bank-of-moldova-4453152244,PO-14-00-531-IST - Expert(ă) principal(ă) responsabil(ă) de cercetarea istorică pentru emisiunile numismatice,,scraped,2026-08-12T16:52:59.512962,
a8b0fcd76ef1f3a6,https://md.linkedin.com/jobs/view/head-of-business-at-invest-credit-4452724118,Head of Business,,scraped,2026-08-12T16:53:38.605672,
a00c3cbefec46fc1,https://md.linkedin.com/jobs/view/premier-travel-specialist-italian-at-ratehawk-4453108215,Premier Travel Specialist (Italian),RateHawk,posted,2026-08-12T16:53:54.980670,1065
93579fef636eb612,https://md.linkedin.com/jobs/view/graphic-designer-4450113757,Graphic Designer,Phprom,posted,2026-08-12T16:53:59.119445,85
ed0092158be846b8,https://md.linkedin.com/jobs/view/sales-development-representative-at-belkins-inc-4453171743,Sales Development Representative,Belkins Inc.,posted,2026-08-12T18:55:42.570519,1067
8a556695806b079f,https://md.linkedin.com/jobs/view/expert-proiecte-at-academy-ai-vision-4450169450,Expert Proiecte,Academy AI Vision,posted,2026-08-12T20:38:02.120207,1069
701bba0065a8520b,https://md.linkedin.com/jobs/view/technical-account-manager-at-paymentology-4453139172,Technical Account Manager,,scraped,2026-08-12T20:38:36.746550,
7f078ff710b262ff,https://md.linkedin.com/jobs/view/sales-manager-at-upcode-team-4449824971,Sales Manager,UpCode Team,posted,2026-08-12T20:38:54.970050,447
9760cf62e6b4e179,https://md.linkedin.com/jobs/view/key-accounts-executive-at-philip-morris-international-4453345840,Key Accounts Executive,,scraped,2026-08-12T22:35:05.717556,
3133219b4c0e5f64,https://md.linkedin.com/jobs/view/roster-of-national-individual-consultants-in-child-protection-chisinau-moldova-at-unicef-4453382747,"Roster of National Individual Consultants in Child Protection, Chisinau, Moldova",UNICEF,posted,2026-08-13T01:26:22.508428,973
c9407af1f25cd6fc,https://md.linkedin.com/jobs/view/specialist-%C4%83-recuperare-crean%C8%9Be-at-bt-leasing-md-4434837195,Specialist/ă Recuperare Creanțe,BT Leasing MD,posted,2026-08-13T09:07:46.649513,1071
12cda03c53a08820,https://md.linkedin.com/jobs/view/manager-v%C3%A2nz%C4%83ri-at-granier-4348456410,Manager vânzări,,scraped,2026-08-13T10:58:20.836593,
8f0d409eb1206e76,https://md.linkedin.com/jobs/view/customer-support-specialist-august-2026-at-scrambly-4454010461,Customer Support Specialist (August 2026),,scraped,2026-08-13T12:57:49.869309,
2d14f224aa47e027,https://md.linkedin.com/jobs/view/director-v%C3%A2nz%C4%83ri-genial-invest-at-genial-invest-4383628300,Director Vânzări Genial Invest,,scraped,2026-08-13T12:58:12.354290,
5f3f12cd95b2ba64,https://md.linkedin.com/jobs/view/cybersecurity-co-founder-head-of-growth-100-%25-remote-m-f-d-at-ewor-4450366447,Cybersecurity Co-Founder / Head of Growth (100 % remote) (m/f/d),,scraped,2026-08-13T14:53:08.388432,
a87dc4b4f361edd1,https://md.linkedin.com/jobs/view/%D0%BF%D1%80%D0%BE%D0%B3%D1%80%D0%B0%D0%BC%D0%BC%D0%B8%D1%81%D1%82-1%D1%81-at-numina-4450476997,Программист 1С,NUMINA,posted,2026-08-13T14:53:38.389782,1073
2917debbda4d857f,https://md.linkedin.com/jobs/view/director-financiar-at-international-company-4450478590,Director Financiar,international company,posted,2026-08-13T16:51:58.443233,1075
0762f4822cc2806c,https://md.linkedin.com/jobs/view/senior-ai-creative-designer-at-capslock-4453689591,Senior AI Creative Designer,,scraped,2026-08-13T16:52:01.044033,
0e286220426d735a,https://md.linkedin.com/jobs/view/event-manager-at-farmacia-familiei-4453064414,Event Manager,,scraped,2026-08-13T16:52:12.973213,
a31d8bdae5404895,https://md.linkedin.com/jobs/view/senior-dr-creative-strategist-at-happy-mammoth-4453140053,Senior DR Creative Strategist,Happy Mammoth,posted,2026-08-13T16:53:05.191054,1077
461f6c8deaf1dbfb,https://md.linkedin.com/jobs/view/po-09-02-532-ssa-expert-%C4%83-principal-%C4%83-al-a-direc%C8%9Biei-consolidarea-supravegherii-financiare-departamentul-supraveghere-bancar%C4%83-at-national-bank-of-moldova-4454078043,"PO-09-02-532-SSA - Expert(ă) principal(ă) al/a Direcției consolidarea supravegherii financiare, Departamentul Supraveghere Bancară",,scraped,2026-08-13T16:53:27.713148,
017616403886b8ac,https://md.linkedin.com/jobs/view/principal-java-engineer-java-kotlin-aws-frontend-at-amdaris-4454053037,"Principal Java Engineer (Java/Kotlin, AWS & Frontend)",,scraped,2026-08-13T16:53:40.687955,
52d54fd891361b29,https://md.linkedin.com/jobs/view/po-09-02-201-ssa-economist-%C4%83-coordonator-are-al-a-direc%C8%9Biei-consolidarea-supravegherii-financiare-departamentul-supraveghere-bancar%C4%83-at-national-bank-of-moldova-4454059947,"PO-09-02-201-SSA - Economist(ă) coordonator(are) al/a Direcției consolidarea supravegherii financiare, Departamentul Supraveghere Bancară",,scraped,2026-08-13T18:56:16.953071,
55f28143deffd3b9,https://md.linkedin.com/jobs/view/fleet-manager-at-che-solutions-4449536499,Fleet Manager,Che Solutions,posted,2026-08-13T20:37:36.950190,1079
372f4ec8912ff666,https://md.linkedin.com/jobs/view/senior-java-developer-at-cegeka-4450809203,Senior Java Developer,,scraped,2026-08-13T20:37:39.558958,
7d65bb20ac014fc7,https://md.linkedin.com/jobs/view/game-designer-at-playrix-4454058417,Game Designer,,scraped,2026-08-13T20:37:58.397440,
f9100d575beb08ef,https://md.linkedin.com/jobs/view/fit-reservation-manager-ctm-italian-at-ratehawk-4453108215,FIT Reservation Manager CTM (Italian),RateHawk,posted,2026-08-13T22:36:44.432335,1081
51afdafafdde5a68,https://md.linkedin.com/jobs/view/senior-business-process-analyst-consultant-remote-work-at-bairesdev-4453234302,Senior Business Process Analyst / Consultant - Remote Work,BairesDev,posted,2026-08-13T22:37:29.346863,925
b8a39c0af834e630,https://md.linkedin.com/jobs/view/sales-development-representative-at-contactout-4452798086,Sales Development Representative,ContactOut,posted,2026-08-14T01:23:39.799907,1067
8f147e5c7dbfc87b,https://md.linkedin.com/jobs/view/freelance-luxury-brand-evaluator-in-moldova-chi%C8%99in%C4%83u-md-at-cxg-4454330252,"Freelance Luxury Brand Evaluator in Moldova - Chișinău, MD",,scraped,2026-08-14T01:24:36.455998,
1a33e25a99f1ca7e,https://md.linkedin.com/jobs/view/freelance-luxury-brand-evaluator-in-moldova-chi%C8%99in%C4%83u-md-at-cxg-4454323360,"Freelance Luxury Brand Evaluator in Moldova - Chișinău, MD",,scraped,2026-08-14T01:24:43.270569,
0fb72523f9774313,https://md.linkedin.com/jobs/view/po-09-02-200-ssa-economist-%C4%83-principal-%C4%83-al-a-direc%C8%9Biei-consolidarea-supravegherii-financiare-departamentul-supraveghere-bancar%C4%83-at-national-bank-of-moldova-4454055996,"PO-09-02-200-SSA - Economist(ă) principal(ă) al/a Direcției consolidarea supravegherii financiare, Departamentul Supraveghere Bancară",,scraped,2026-08-14T01:24:57.896365,
f049c6140ce74e53,https://md.linkedin.com/jobs/view/freelance-at-firstsource-4452995794,Freelance,,scraped,2026-08-14T04:04:17.507852,
a6c0f598ef6b50bc,https://md.linkedin.com/jobs/view/driver-recruiter-at-c1-logistics-4451213010,Driver Recruiter,C1 Logistics,posted,2026-08-14T07:17:00.448336,1083
259932fbcf5d6c1f,https://md.linkedin.com/jobs/view/marketing-manager-at-bemol-4454396140,Marketing Manager,,scraped,2026-08-14T09:04:05.275462,
df8efdf2c586ec02,https://md.linkedin.com/jobs/view/marketing-project-manager-at-adcenter-4453553054,Marketing Project Manager,,scraped,2026-08-14T10:55:06.647186,
71d7da1dff2630ae,https://md.linkedin.com/jobs/view/vacancy-notice-for-the-assistant-to-the-resident-twinning-advisor-rta-at-eubam-libya-4454515587,Vacancy notice for the Assistant to the Resident Twinning Advisor (RTA),,scraped,2026-08-14T12:54:36.600660,
cdc457f304196336,https://md.linkedin.com/jobs/view/marketing-manager-at-bemol-4451208477,Marketing Manager,,scraped,2026-08-14T12:55:19.812769,
b584275fa7231835,https://md.linkedin.com/jobs/view/hr-compliance-specialist-at-us-software-solutions-4454541446,HR Compliance Specialist,,scraped,2026-08-14T14:46:30.094342,
641e12c83eb406f7,https://md.linkedin.com/jobs/view/accountant-bookkeeper-at-veo-worldwide-services-4454534330,Accountant Bookkeeper,,scraped,2026-08-14T14:46:50.719171,
df025b05ebcb8bad,https://md.linkedin.com/jobs/view/senior-instructional-designer-contract-remote-at-infuse-4454363180,"Senior Instructional Designer (Contract, Remote)",INFUSE,posted,2026-08-14T14:47:37.415563,1085
603a365a0fb4bf4a,https://md.linkedin.com/jobs/view/payroll-specialist-at-us-software-solutions-4454543544,Payroll Specialist,,scraped,2026-08-14T16:49:19.025281,
507f5bbb3e3d9bf3,https://md.linkedin.com/jobs/view/hr-compliance-specialist-at-jobera-com-4453589491,HR Compliance Specialist,Jobera.com,posted,2026-08-14T16:49:35.521936,1087
c517e5234babf06d,https://md.linkedin.com/jobs/view/application-support-analyst-at-amdaris-4454037893,Application Support Analyst,,scraped,2026-08-14T16:49:44.096552,
df91de2111620952,https://md.linkedin.com/jobs/view/senior-database-administrator-moldova-at-amdaris-4453142351,Senior Database Administrator Moldova,,scraped,2026-08-14T18:46:32.580804,
b40af1efdacbf574,https://md.linkedin.com/jobs/view/sci-17-00-592-prb-expert-%C4%83-principal-%C4%83-responsabil-%C4%83-de-gestiune-deleg%C4%83ri-at-national-bank-of-moldova-4454558292,SCI-17-00-592-PRB - Expert/ă principal/ă responsabil/ă de gestiune delegări,,scraped,2026-08-14T18:46:39.370896,
062b83a0275d04a6,https://md.linkedin.com/jobs/view/ai-research-lab-co-founder-cfo-100-%25-remote-m-f-d-at-ewor-4453722133,AI Research Lab Co-Founder / CFO (100 % remote) (m/f/d),,scraped,2026-08-14T20:25:56.958018,
6ec5721794d43951,https://md.linkedin.com/jobs/view/cybersecurity-co-founder-head-of-growth-100-%25-remote-m-f-d-at-ewor-4453724145,Cybersecurity Co-Founder / Head of Growth (100 % remote) (m/f/d),,scraped,2026-08-14T20:26:11.526710,
4d0e237507e94ea6,https://md.linkedin.com/jobs/view/is-support-application-support-tier-1-at-gilat-satellite-networks-4452497443,IS Support / Application Support (Tier 1),Gilat Satellite Networks,posted,2026-08-14T20:26:33.486521,1089
e8025a1227aa9cd5,https://md.linkedin.com/jobs/view/instructional-designer-contract-remote-at-infuse-4454808617,"Instructional Designer (Contract, Remote)",INFUSE,posted,2026-08-15T00:55:44.794174,1091
3b0fcfde5ecfb098,https://md.linkedin.com/jobs/view/senior-kotlin-developer-at-amdaris-4454536478,Senior Kotlin Developer,,scraped,2026-08-15T00:56:23.399943,
0424dd43cd9c685d,https://md.linkedin.com/jobs/view/senior-android-engineer-at-idt-corporation-4454811741,Senior Android Engineer,IDT Corporation,posted,2026-08-15T02:48:30.239240,1093
90702d7d628fb242,https://md.linkedin.com/jobs/view/team-lead-learning-and-development-contract-remote-at-infuse-4454812157,"Team Lead, Learning and Development (Contract, Remote)",INFUSE,posted,2026-08-15T04:25:32.265212,1095
458c9a3dd71bc886,https://md.linkedin.com/jobs/view/lead-java-developer-with-c-background-at-idt-corporation-4454808757,Lead Java Developer (with C background),IDT Corporation,posted,2026-08-15T04:25:41.299691,1097
e39a0aa84956dac6,https://md.linkedin.com/jobs/view/digital-art-creation-at-vnu-s%C3%A9n%C3%A9gal-gambie-4453789989,Digital Art Creation,VNU Sénégal/Gambie,posted,2026-08-15T12:27:33.472354,1003
366c30d2c22bc81f,https://md.linkedin.com/jobs/view/b2b-content-writer-remote-contract-at-infuse-4454829102,"B2B Content Writer (Remote, Contract)",INFUSE,posted,2026-08-15T12:27:45.633525,1099
41eaa618c49ff881,https://md.linkedin.com/jobs/view/head-of-international-call-center-sales-department-at-smile-dent-team-4451207817,Head of International Call Center / Sales Department,,scraped,2026-08-15T14:18:01.224049,
6d6ea4648568329d,https://md.linkedin.com/jobs/view/program-development-manager-at-gitmax-4452987701,Program Development Manager,Gitmax,posted,2026-08-16T00:58:17.112389,1101
33e836bdd7f8f134,https://md.linkedin.com/jobs/view/manager-clinical-data-management-at-alimentiv-4453971439,"Manager, Clinical Data Management",,scraped,2026-08-16T08:22:51.838801,
55be9c94006dd57e,https://md.linkedin.com/jobs/view/general-manager-at-berd-s-hotel-chisinau-4454881007,General Manager,,scraped,2026-08-16T10:19:18.366471,
648683f58589e981,https://md.linkedin.com/jobs/view/hci-ai-automation-technical-architect-at-stefanini-emea-4384995723,HCI AI & Automation Technical Architect,Stefanini EMEA,posted,2026-08-17T06:42:12.648625,271
9934fb3e7537b8db,https://md.linkedin.com/jobs/view/mid-level-instructional-designer-contract-remote-at-infuse-4454589108,"Mid-Level Instructional Designer (Contract, Remote)",INFUSE,posted,2026-08-17T06:43:21.814336,1103
f211862fa94bdeac,https://md.linkedin.com/jobs/view/sci-24-02-200-abs-expert-%C4%83-principal-%C4%83-%C3%AEn-direc%C8%9Bia-administrarea-patrimoniului-%C8%99i-servicii-sociale-at-national-bank-of-moldova-4454574122,SCI-24-02-200-ABS - Expert/ă principal/ă în Direcția administrarea patrimoniului și servicii sociale,,scraped,2026-08-17T08:36:53.656070,
1249360439181c90,https://md.linkedin.com/jobs/view/fit-reservation-manager-ctm-at-ratehawk-4453108215,FIT Reservation Manager CTM,RateHawk,posted,2026-08-17T08:37:47.446259,1105
588f16736464c36f,https://md.linkedin.com/jobs/view/java-software-engineer-at-r-systems-4451212612,Java Software Engineer,R Systems,posted,2026-08-17T08:38:07.857227,1107
27b3a3ea5bcd5b2c,https://md.linkedin.com/jobs/view/social-media-marketing-specialist-at-lacode-4451763709,Social Media Marketing Specialist,LACODE,posted,2026-08-17T08:38:44.692916,1109
ff839b2fa044b632,https://md.linkedin.com/jobs/view/ticketing-airfare-specialist-at-volare-vitae-aps-4455263220,Ticketing / Airfare Specialist,,scraped,2026-08-17T10:26:39.305844,
0fbbbfcc7a389134,https://md.linkedin.com/jobs/view/business-analyst-at-arrive-4455235953,Business Analyst,,scraped,2026-08-17T10:27:18.435368,
25af49d02ff1d3a9,https://md.linkedin.com/jobs/view/full-stack-engineer-node-js%2Breact-native-at-xsoft-4452242583,Full-stack Engineer (Node.js+React Native),,scraped,2026-08-17T10:27:44.016990,
633bb2400213e9dd,https://md.linkedin.com/jobs/view/national-consultant-to-provide-capacity-building-on-crisis-management-and-safe-leadership-in-public-administration-politics-and-management-positions-in-the-private-sector-multiple-positions-at-un-women-4455290691,"National Consultant to provide capacity building on crisis management and safe leadership in public administration, politics, and management positions in the private sector (multiple positions)",UN Women,posted,2026-08-17T14:22:13.014346,1111
a013988e86e1ae3a,https://md.linkedin.com/jobs/view/product-manager-at-ispeedtolead-4455283836,Product Manager,iSpeedToLead,posted,2026-08-17T16:21:21.372694,1113
8525c41e3736f61a,https://md.linkedin.com/jobs/view/%C8%99ef-v%C3%A2nz%C4%83ri-directe-chi%C8%99in%C4%83u-b2c-at-moldtelecom-4455320380,Șef vânzări directe Chișinău (B2C),,scraped,2026-08-17T16:21:27.995459,
7cc79ab12456925f,https://md.linkedin.com/jobs/view/head-of-business-at-invest-credit-4452259654,Head of Business,,scraped,2026-08-17T16:22:11.006188,
294c1098edd5c76d,https://md.linkedin.com/jobs/view/asocia%C8%9Bia-promo-lex-angajeaz%C4%83-analist-%C4%83-%C3%AEn-domeniul-finan%C8%9B%C4%83rii-politice-at-asocia%C8%9Bia-promo-lex-4452260903,Asociația Promo-LEX angajează Analist/ă în domeniul finanțării politice,Asociația Promo-LEX,posted,2026-08-17T16:22:29.502158,1115
a37e35ddedd6744e,https://md.linkedin.com/jobs/view/%F0%9F%93%B1-senior-react-native-developer-at-xogito-group-inc-4452277031,📱 Senior React Native Developer,"Xogito Group, Inc",posted,2026-08-17T16:23:07.506990,1117
bde6ce5a6dedfdff,https://md.linkedin.com/jobs/view/national-expert-on-inclusive-capital-market-and-institutional-development-strategy-bimx-at-un-women-4455296727,National Expert on Inclusive Capital Market and Institutional Development Strategy (BIMx),UN Women,posted,2026-08-17T16:23:27.521734,1119
305ec653346212b7,https://md.linkedin.com/jobs/view/senior-qa-at-r-systems-4452275079,Senior QA,R Systems,posted,2026-08-17T18:32:31.151558,1121
f4c584df1ba095c3,https://md.linkedin.com/jobs/view/senior-qa-engineer-at-r-systems-4455316920,Senior QA Engineer,R Systems,posted,2026-08-17T18:33:12.914813,437
19dfac7e13fe785f,https://md.linkedin.com/jobs/view/international-consultant-to-provide-capacity-building-on-strategic-communication-and-social-media-public-speaking-and-media-presence-and-personal-branding-multiple-positions-at-un-women-4455300615,"International Consultant to provide capacity building on strategic communication and social media, public speaking and media presence, and personal branding (multiple positions)",UN Women,posted,2026-08-17T18:33:25.316205,1123
1aeb97dbb5a168db,https://md.linkedin.com/jobs/view/national-certified-executive-coach-for-women-in-leadership-positions-at-un-women-4455302602,National certified executive coach for women in leadership positions,UN Women,posted,2026-08-17T18:33:35.534862,1125
95a1da833ea8df61,https://md.linkedin.com/jobs/view/international-consultant-to-provide-capacity-building-on-crisis-management-and-safe-leadership-in-public-administration-and-politics-multiple-positions-at-un-women-4455289765,International Consultant to provide capacity building on crisis management and safe leadership in public administration and politics (multiple positions),UN Women,posted,2026-08-17T18:33:46.729789,1127
ab580e6d4172d2f5,https://md.linkedin.com/jobs/view/sci-24-02-577-epa-expert-%C4%83-principal-%C4%83-%C3%AEn-direc%C8%9Bia-administrarea-patrimoniului-%C8%99i-servicii-sociale-at-national-bank-of-moldova-4454574122,SCI-24-02-577 EPA - Expert/ă principal/ă în Direcția administrarea patrimoniului și servicii sociale,,scraped,2026-08-17T20:20:10.204401,
5b3fca4ac04a4cc2,https://md.linkedin.com/jobs/view/paid-media-lead-at-route-one-group-4451202602,Paid Media Lead,Route One Group,posted,2026-08-17T20:20:26.598510,1129
2641eec8e34014ca,https://md.linkedin.com/jobs/view/junior-game-designer-at-playrix-4454050379,Junior Game Designer,,scraped,2026-08-17T20:20:35.311792,
92aa23e9fbeab705,https://md.linkedin.com/jobs/view/business-development-strategic-partnerships-manager-at-invest-globally-4453717734,Business Development & Strategic Partnerships Manager,Invest Globally,posted,2026-08-17T20:20:57.732333,1131
1f60bd0071ebd5fd,https://md.linkedin.com/jobs/view/scp-15-03-533-if-%E2%80%93-%C8%99ef-%C4%83-al-a-direc%C5%A3iei-%C8%99tiin%C8%9Ba-datelor-at-national-bank-of-moldova-4455328202,SCP-15-03-533-IF – Șef/ă al/a Direcţiei Știința Datelor,,scraped,2026-08-17T20:21:42.387581,
d6bb52520ffb208e,https://md.linkedin.com/jobs/view/national-consultant-to-provide-capacity-building-on-negotiation-techniques-mediation-and-conflict-management-multiple-positions-at-un-women-4455303598,"National consultant to provide capacity building on negotiation techniques, mediation and conflict management (multiple positions)",UN Women,posted,2026-08-17T20:22:17.443633,1133
606ff7c8a06ae9ba,https://md.linkedin.com/jobs/view/international-certified-executive-coach-for-women-in-leadership-at-un-women-4455296700,International Certified executive coach for women in leadership,UN Women,posted,2026-08-17T20:22:27.240523,1135
135ba199bb927d93,https://md.linkedin.com/jobs/view/international-consultant-to-provide-capacity-building-on-negotiation-techniques-mediation-and-conflict-management-at-un-women-4455280855,"International consultant to provide capacity building on negotiation techniques, mediation and conflict management",UN Women,posted,2026-08-17T20:22:36.623808,1137
f4ed663ca136f9ee,https://md.linkedin.com/jobs/view/national-consultant-to-provide-capacity-building-on-strategic-communication-and-social-media-public-speaking-and-media-presence-and-personal-branding-multiple-positions-at-un-women-4455303599,"National Consultant to provide capacity building on strategic communication and social media, public speaking and media presence, and personal branding (multiple positions)",UN Women,posted,2026-08-17T20:22:46.167306,1139
c2a7ee49a8f63d0c,https://md.linkedin.com/jobs/view/specialist-administrare-depozit-at-moldcell-4455294723,Specialist administrare depozit,,scraped,2026-08-17T22:18:56.523290,
e1edc1187d570b3b,https://md.linkedin.com/jobs/view/digital-marketing-specialist-at-creativemood-marketing-4454252918,Digital Marketing Specialist,,scraped,2026-08-17T22:19:27.068793,
701c060d88bacfe0,https://md.linkedin.com/jobs/view/dezvoltator-net-at-wherewework-jobs-4454238881,Dezvoltator .NET,wherewework Jobs,posted,2026-08-17T22:19:49.036471,1141
f81e14b4d042eee3,https://md.linkedin.com/jobs/view/manager-administrativ-fundraiser-at-hospices-of-hope-moldova-4452247958,Manager Administrativ & Fundraiser,Hospices of Hope Moldova,posted,2026-08-17T22:20:45.527891,1143
d0d4b1b0692f9a53,https://md.linkedin.com/jobs/view/replenishment-coordinator-at-wherewework-jobs-4454451233,Replenishment Coordinator,wherewework Jobs,posted,2026-08-18T00:54:22.292328,1145
c149428f8a809b6c,https://md.linkedin.com/jobs/view/strategy-consultant-at-wherewework-jobs-4454447252,Strategy Consultant,wherewework Jobs,posted,2026-08-18T00:54:37.769320,1147
b254686256cd9d7e,https://md.linkedin.com/jobs/view/store-operations-manager-at-wherewework-jobs-4454449246,Store Operations Manager,wherewework Jobs,posted,2026-08-18T00:56:06.239127,501
117e375a9ced5479,https://md.linkedin.com/jobs/view/influencer-creator-commerce-manager-at-wherewework-jobs-4454457153,Influencer & Creator Commerce Manager,wherewework Jobs,posted,2026-08-18T00:56:19.954816,1149
7fa1722d92267162,https://md.linkedin.com/jobs/view/software-engineer-green-software-engineering-at-wherewework-jobs-4454237973,"Software Engineer, Green Software Engineering",wherewework Jobs,posted,2026-08-18T00:56:38.382581,245
18fe56045e6040dd,https://md.linkedin.com/jobs/view/senior-project-manager-remote-contract-at-infuse-4455382149,"Senior Project Manager (Remote, Contract)",INFUSE,posted,2026-08-18T00:56:47.400160,459
5308f18fca5d7d3d,https://md.linkedin.com/jobs/view/senior-java-software-engineer-at-idt-corporation-4455329565,Senior Java Software Engineer,IDT Corporation,posted,2026-08-18T00:56:56.433110,65
a4a67523abae1958,https://md.linkedin.com/jobs/view/digital-trust-and-safety-specialist-with-polish-and-english-at-wherewework-jobs-4454440305,Digital Trust and Safety Specialist with Polish and English,wherewework Jobs,posted,2026-08-18T00:57:11.043708,1151
038db04f1a871ad3,https://md.linkedin.com/jobs/view/national-consultant-to-provide-programmatic-coordination-and-logistical-support-for-the-implementation-of-the-academy-for-women-in-public-leadership-at-un-women-4455303552,"National Consultant to provide programmatic, coordination and logistical support for the implementation of the Academy for Women in Public Leadership",UN Women,posted,2026-08-18T06:34:59.872078,1153
b2601640f6b49b1e,https://md.linkedin.com/jobs/view/specialist-financiar-at-veo-worldwide-services-4455579989,Specialist Financiar,,scraped,2026-08-18T08:30:10.459374,
df6222caa181b690,https://md.linkedin.com/jobs/view/contabil-facturare-cu-francez%C4%83-at-veo-worldwide-services-4454534330,Contabil facturare (cu Franceză),,scraped,2026-08-18T08:30:19.611088,
431cefdf96bb3420,https://md.linkedin.com/jobs/view/graphic-designer-at-farmacia-familiei-4452548976,Graphic Designer,,scraped,2026-08-18T08:30:42.493383,
e3c04ebfe92a68ee,https://md.linkedin.com/jobs/view/marketplace-seller-account-manager-at-wherewework-jobs-4454722740,Marketplace Seller Account Manager,wherewework Jobs,posted,2026-08-18T12:35:44.495562,1155
cfdf42d28a790b4b,https://md.linkedin.com/jobs/view/retail-standards-compliance-manager-at-wherewework-jobs-4454712872,Retail Standards & Compliance Manager,wherewework Jobs,posted,2026-08-18T12:35:52.371061,685
5df5b18fee6b2514,https://md.linkedin.com/jobs/view/cadru-tehnic-psi-chi%C8%99in%C4%83u-f-m-at-wherewework-jobs-4454731754,Cadru Tehnic PSI Chișinău (f/m),wherewework Jobs,posted,2026-08-18T12:36:04.566464,1157
67b4cbe2e4523500,https://md.linkedin.com/jobs/view/inginer-java-at-wherewework-jobs-4454714813,Inginer Java,wherewework Jobs,posted,2026-08-18T12:36:33.002062,1159
7ef568663586240a,https://md.linkedin.com/jobs/view/cro-specialist-dtc-e-commerce-100%25-remote-eu-at-foxelli-group-4455764027,CRO Specialist | DTC E-commerce | 100% Remote EU,,scraped,2026-08-18T14:27:52.562427,
02e83a99fcb66133,https://md.linkedin.com/jobs/view/project-officer-moldova-armenia-at-idea-internacional-am%C3%A9rica-latina-y-el-caribe-4455731174,"Project Officer, Moldova & Armenia",,scraped,2026-08-18T14:28:12.711383,
f2f6d3ae8d95756e,https://md.linkedin.com/jobs/view/marketing-project-manager-at-smarketing-lab-rom%C3%A2nia-4452805496,Marketing Project Manager,,scraped,2026-08-18T14:28:42.478509,
5838defe3b53b90c,https://md.linkedin.com/jobs/view/consulting-engagement-manager-at-wherewework-jobs-4454453185,Consulting Engagement Manager,wherewework Jobs,posted,2026-08-18T16:26:10.342434,231
a419baa632186698,https://md.linkedin.com/jobs/view/v%C3%A2nz%C4%83tor-casier-%C3%AEn-magazinul-metro-chi%C8%99in%C4%83u-1-at-wherewework-jobs-4454446274,Vânzător-casier în magazinul METRO Chișinău 1,wherewework Jobs,posted,2026-08-18T16:26:23.000843,1161
1dba4b4e82b5fb6c,https://md.linkedin.com/jobs/view/salesforce-implementor-at-gilat-satellite-networks-4455783382,Salesforce Implementor,Gilat Satellite Networks,posted,2026-08-18T18:30:46.487268,1163
ea8f329a2cb5b64f,https://md.linkedin.com/jobs/view/junior-software-engineer-at-r-systems-4455783281,Junior Software Engineer,R Systems,posted,2026-08-18T18:31:24.700696,1165
4006333ed78d404e,https://md.linkedin.com/jobs/view/business-development-manager-at-s-p-solutions-4452244705,Business Development Manager,S&P Solutions,posted,2026-08-18T20:18:19.611607,1055
255a837b54c4eb52,https://md.linkedin.com/jobs/view/senior-qa-engineer-at-r-systems-4452275079,Senior QA Engineer,R Systems,posted,2026-08-18T20:19:21.488672,437
9afbf6a8a797d68c,https://md.linkedin.com/jobs/view/key-account-manager-at-farmacia-familiei-4452564451,Key Account Manager,,scraped,2026-08-19T00:55:45.522354,
e4bdad8484a30045,https://md.linkedin.com/jobs/view/vibecoder-at-applychill-4452897796,Vibecoder,ApplyChill,posted,2026-08-19T06:35:40.244884,1167
10b52e2d7d3487fc,https://md.linkedin.com/jobs/view/%D0%BC%D0%B5%D0%BD%D0%B5%D0%B4%D0%B6%D0%B5%D1%80-%D0%BF%D0%BE-%D0%BF%D1%80%D0%BE%D0%B4%D0%B0%D0%B6%D0%B0%D0%BC-at-mercedes-benz-moldova-4438711056,Менеджер по продажам,,scraped,2026-08-19T08:30:54.950595,
5a9c6568d85b155a,https://md.linkedin.com/jobs/view/tax-accountant-at-digitax-4455969486,Tax Accountant,DigitaX,posted,2026-08-19T08:32:21.981811,1169
832bcc1d99b954f4,https://md.linkedin.com/jobs/view/national-consultant-to-develop-of-a-package-of-methodological-and-training-materials-on-the-multidisciplinary-response-to-cases-of-violence-against-women-and-domestic-violence-at-un-women-4456176244,National Consultant to develop of a Package of Methodological and Training Materials on the multidisciplinary response to cases of violence against women and domestic violence,UN Women,posted,2026-08-19T08:32:56.943424,1171
a423b5eddd168e43,https://md.linkedin.com/jobs/view/cardiology-patient-navigator-at-seamless-assist-4454976403,Cardiology Patient Navigator,Seamless Assist,posted,2026-08-19T10:23:45.169192,255
92f875a169657d80,https://md.linkedin.com/jobs/view/%D0%B4%D0%B8%D1%80%D0%B5%D0%BA%D1%82%D0%BE%D1%80-%D0%BC%D0%B5%D0%B1%D0%B5%D0%BB%D1%8C%D0%BD%D0%BE%D0%B9-%D1%84%D0%B0%D0%B1%D1%80%D0%B8%D0%BA%D0%B8-4453425737,Директор мебельной фабрики,"ООО ""Хайтек""",failed|wp_post_failed,2026-08-19T12:35:31.303121,
dc04bd910f342b0c,https://md.linkedin.com/jobs/view/financial-analyst-at-dyninno-group-4454986968,Financial Analyst,Dyninno Group,posted,2026-08-19T12:35:46.630668,1173
8f80fd03b10a20e3,https://md.linkedin.com/jobs/view/financial-analyst-at-dyninno-group-4456194449,Financial Analyst,Dyninno Group,posted,2026-08-19T12:35:51.368800,1173
3bc77bc56c648e0e,https://md.linkedin.com/jobs/view/medic-de-laborator-departamentul-clinic%C4%83-general%C4%83-at-invitro-diagnostics-4454980789,Medic de laborator (Departamentul Clinică Generală),,scraped,2026-08-19T12:36:11.982800,
05ceaf5cbbb27214,https://md.linkedin.com/jobs/view/junior-net-c%23-developer-moldova-at-nyble-4456318951,Junior .NET C# Developer - Moldova,,scraped,2026-08-19T16:25:45.791734,
508ac1a4fb83c365,https://md.linkedin.com/jobs/view/salesforce-implementer-at-gilat-satellite-networks-4455783382,Salesforce Implementer,Gilat Satellite Networks,posted,2026-08-19T18:26:31.286823,1175
174793d6dae62f4b,https://md.linkedin.com/jobs/view/financial-controller-at-family-office-4456323024,Financial Controller,Family Office,posted,2026-08-19T18:26:52.980234,1177
83e78a61c58a39c4,https://md.linkedin.com/jobs/view/manager-v%C3%A2nz%C4%83ri-direc%C8%9Bia-band-proiecte-salariale-at-maib-4452585396,Manager Vânzări | Direcția (Band) Proiecte Salariale,,scraped,2026-08-19T18:26:57.586162,
506ceb6e092682df,https://md.linkedin.com/jobs/view/business-development-specialist-4454995005,Business Development Specialist,Max HR Group,posted,2026-08-19T18:27:09.922149,1179
77e9a03ca35c1ae3,https://md.linkedin.com/jobs/view/senior-site-reliability-engineer-at-moldstud-4453461103,Senior Site Reliability Engineer,,scraped,2026-08-19T18:27:30.529453,
36f7170cddfd7cf6,https://md.linkedin.com/jobs/view/event-marketing-manager-at-farmacia-familiei-4453421593,Event Marketing Manager,,scraped,2026-08-19T20:21:16.414938,
aadfad6d9b51ce33,https://md.linkedin.com/jobs/view/%D1%80%D0%B5%D0%B3%D1%96%D0%BE%D0%BD%D0%B0%D0%BB%D1%8C%D0%BD%D0%B8%D0%B9-%D0%BC%D0%B5%D0%BD%D0%B5%D0%B4%D0%B6%D0%B5%D1%80-at-afina-group-4452853424,Регіональний менеджер,,scraped,2026-08-19T20:21:27.268553,
8d787f200c6dc5f9,https://md.linkedin.com/jobs/view/full-stack-developer-php-vue-js-at-travel-business-class-4453452773,Full Stack Developer - PHP / Vue.js,Travel Business Class,posted,2026-08-19T20:21:53.912338,1181
37949491ea71b822,https://md.linkedin.com/jobs/view/senior-software-engineer-at-paymentology-4456328190,Senior Software Engineer,,scraped,2026-08-19T20:21:56.528173,
d6be1482674f420a,https://md.linkedin.com/jobs/view/dealine-extended-roster-of-national-individual-consultants-in-child-protection-chisinau-moldova-at-unicef-chad-4453481445,"Dealine extended: Roster of National Individual Consultants in Child Protection, Chisinau, Moldova",Unicef CHAD,posted,2026-08-19T20:22:18.072536,1183
7eef055ad68aa867,https://md.linkedin.com/jobs/view/project-officer-moldova-armenia-at-international-idea-4455778406,"Project Officer, Moldova & Armenia",,scraped,2026-08-20T02:53:09.369759,
6b4db53880e07c64,https://md.linkedin.com/jobs/view/infrastructure-support-engineer-noc-engineer-m-f-d-at-autodoc-4454496107,Infrastructure Support Engineer (NOC Engineer) m/f/d,,scraped,2026-08-20T02:53:53.480797,
79be603c5a3d0e3e,https://md.linkedin.com/jobs/view/senior-business-systems-analyst-fintech-at-boston-link-4456180262,Senior Business Systems Analyst (FinTech),,scraped,2026-08-20T02:54:15.519105,
4a76640cad411168,https://md.linkedin.com/jobs/view/short-term-consultant-sustainable-finance-specialist-green-taxonomy-specialist-at-ifc-international-finance-corporation-4455761919,Short Term Consultant:Sustainable Finance Specialist / Green Taxonomy Specialist,IFC - International Finance Corporation,posted,2026-08-20T02:54:30.177541,1185
201057c1eec6d30a,https://md.linkedin.com/jobs/view/project-officer-%E2%80%93-electoral-risk-cybersecurity-resilience-moldova-at-idea-internacional-am%C3%A9rica-latina-y-el-caribe-4455999053,"Project Officer – Electoral Risk & Cybersecurity Resilience, Moldova",,scraped,2026-08-20T06:37:02.248354,
b0eb5097c06dd18a,https://md.linkedin.com/jobs/view/event-marketing-manager-at-farmacia-familiei-4453429341,Event Marketing Manager,,scraped,2026-08-20T06:37:11.959623,
efc9a4f2ecea0c7c,https://md.linkedin.com/jobs/view/junior-recruiter-specialist-at-us-software-solutions-4453861432,Junior Recruiter Specialist,,scraped,2026-08-20T08:31:35.297952,
73501cf96885ffaf,https://md.linkedin.com/jobs/view/store-manager%E2%80%93-florentino-delure-at-florentino-delure-4453857608,Store Manager– Florentino Delure,,scraped,2026-08-20T10:24:16.696936,
d6eb5ad2862d6069,https://md.linkedin.com/jobs/view/cardiology-patient-navigator-at-seamless-assist-4455628107,Cardiology Patient Navigator,Seamless Assist,posted,2026-08-20T10:24:27.357567,255
344599814399b1a1,https://md.linkedin.com/jobs/view/grants-officer-at-startup-moldova-4453866633,Grants Officer,,scraped,2026-08-20T12:36:03.186269,
c90776d05e2c0c3a,https://md.linkedin.com/jobs/view/office-manager-hr-support-at-isd-4455621911,Office Manager & HR Support,,scraped,2026-08-20T12:36:13.812342,
29a6e6fd8f2432f2,https://md.linkedin.com/jobs/view/martech-crm-marketing-lead-at-huspy-4455625352,MarTech / CRM Marketing Lead,,scraped,2026-08-20T12:36:42.214624,
97b60a25f569f9c6,https://md.linkedin.com/jobs/view/payroll-admin-specialist-at-lpp-s-a-4451246015,Payroll&Admin Specialist,,scraped,2026-08-20T14:30:38.887065,
7a4e711fb1191010,https://md.linkedin.com/jobs/view/senior-account-manager-at-infinitech-4455497935,Senior Account Manager,InfiniTech,posted,2026-08-20T14:31:20.930898,1187
b4f8f6bab79335ed,https://md.linkedin.com/jobs/view/senior-microsoft-365-engineer-at-stefanini-emea-4429270202,Senior Microsoft 365 Engineer,Stefanini EMEA,posted,2026-08-20T14:31:38.394911,1189
cabcdd8e1629776c,https://md.linkedin.com/jobs/view/personal-assistant-at-puffy-4453451086,Personal Assistant,Puffy,posted,2026-08-20T14:31:51.671536,773
004a1e42c91043fd,https://md.linkedin.com/jobs/view/inginer-de-sisteme-at-wherewework-jobs-4455659874,Inginer de Sisteme,wherewework Jobs,posted,2026-08-20T14:32:04.635976,1191
a7b7cf069d9172d1,https://md.linkedin.com/jobs/view/analist-de-date-at-wherewework-jobs-4455665844,Analist de Date,wherewework Jobs,posted,2026-08-20T14:32:18.776794,1193
3d16e60073a8a8e7,https://md.linkedin.com/jobs/view/specialist-financiar-at-veo-worldwide-services-4456194793,Specialist Financiar,,scraped,2026-08-20T14:32:33.969957,
e8ed27fd0069e788,https://md.linkedin.com/jobs/view/people-experience-lead-at-paymentology-4456731810,People Experience Lead,,scraped,2026-08-20T16:28:15.587239,
35e5d4c4bd3de686,https://md.linkedin.com/jobs/view/financial-and-business-controller-at-ecofinance-4455683582,Financial and Business Controller,,scraped,2026-08-20T16:28:48.773745,
5b8033af03b73933,https://md.linkedin.com/jobs/view/full-stack-java-developer-digital-media-at-coherent-solutions-4432241233,Full-stack Java Developer (Digital Media),Coherent Solutions,posted,2026-08-20T16:29:28.957409,1195
b54075491cea4b67,https://md.linkedin.com/jobs/view/executive-intelligence-analyst-at-us-software-solutions-4456753495,Executive Intelligence Analyst,,scraped,2026-08-20T18:31:08.352560,
8f80293791bfc94a,https://md.linkedin.com/jobs/view/net-developer-at-maib-4453891784,.NET Developer,,scraped,2026-08-20T20:22:31.800266,
f62439be2dd55b58,https://md.linkedin.com/jobs/view/cabin-crew-recruitment-day-chisinau-25-september-2026-at-wizz-air-4454161449,Cabin Crew Recruitment Day - Chisinau - 25 September 2026,,scraped,2026-08-21T02:58:48.579195,
c5b46e62e2029a49,https://md.linkedin.com/jobs/view/people-business-partner-at-paymentology-4456789803,People Business Partner,,scraped,2026-08-21T06:36:21.385806,
ca8de357e44aa924,https://md.linkedin.com/jobs/view/hr-service-manager-ukraine-at-safeguard-global-4456464801,"HR Service Manager, Ukraine",Safeguard Global,posted,2026-08-21T06:37:00.121912,969
3598452479a72810,https://md.linkedin.com/jobs/view/executive-research-analyst-at-us-software-solutions-4456753495,Executive Research Analyst,,scraped,2026-08-21T10:23:31.538981,
e78aa4cd89d8455c,https://md.linkedin.com/jobs/view/paid-media-lead-at-route-one-group-4453887344,Paid Media Lead,Route One Group,posted,2026-08-21T10:24:13.699203,1129
aae1cb0601fb33a1,https://md.linkedin.com/jobs/view/%D0%BD%D0%B0%D1%87%D0%B0%D0%BB%D1%8C%D0%BD%D0%B8%D0%BA-%D0%BE%D1%82%D0%B4%D0%B5%D0%BB%D0%B0-%D0%BF%D1%80%D0%BE%D0%B4%D0%B0%D0%B6-at-loadhunt-corp-4453868773,Начальник отдела продаж,Loadhunt Corp,failed|wp_post_failed,2026-08-21T12:35:11.138866,
1dd18b845e2e896a,https://md.linkedin.com/jobs/view/senior-ai-ml-engineer-genai-aws-at-provectus-4457301648,"Senior AI/ML Engineer (GenAI, AWS)",Provectus,posted,2026-08-21T12:35:55.980181,977
0015e3d47c6498c9,https://md.linkedin.com/jobs/view/fde-ai-solutions-architect-ai-python-data-at-provectus-4457303405,"FDE AI/ Solutions Architect (AI, Python/Data)",Provectus,posted,2026-08-21T12:36:03.317860,975
6750ab275f712590,https://md.linkedin.com/jobs/view/public-relations-specialist-at-adcenter-4456205765,Public Relations Specialist,,scraped,2026-08-21T14:29:10.365811,
bba2836a5187134e,https://md.linkedin.com/jobs/view/senior-administrator-at-disaster-care-capital-4457351474,Senior Administrator,,scraped,2026-08-21T14:29:48.537645,
c239312960368668,https://md.linkedin.com/jobs/view/seo-manager-at-ispeedtolead-4457352643,SEO Manager,iSpeedToLead,posted,2026-08-21T16:25:59.951409,1197
25300a319f030b20,https://md.linkedin.com/jobs/view/intermediate-senior-project-manager-career-opportunities-at-dev-pro-at-dev-pro-4457319135,Intermediate/Senior Project Manager Career Opportunities at Dev.Pro,Dev.Pro,posted,2026-08-21T18:29:00.578101,1199
6b12682adb24b931,https://md.linkedin.com/jobs/view/senior-sre-incident-management-chaos-engineering-at-wherewework-jobs-4456215623,"Senior SRE, Incident Management & Chaos Engineering",wherewework Jobs,posted,2026-08-21T18:29:35.541629,1201
6711dfbb6e99640b,https://md.linkedin.com/jobs/view/chief-operating-officer-at-ispeedtolead-4457348606,Chief Operating Officer,iSpeedToLead,posted,2026-08-21T18:29:55.925598,1203
bf52b896deab9d87,https://md.linkedin.com/jobs/view/specialist-colectare-crean%C8%9Be-teren-at-dyninno-group-4457387185,Specialist Colectare Creanțe (Teren),Dyninno Group,posted,2026-08-21T20:19:22.273267,1205
c12c88bc90569b16,https://md.linkedin.com/jobs/view/online-marketing-manager-mediabuyer-junior-medior-at-adhoq-4454665908,Online Marketing Manager - Mediabuyer (Junior/Medior),,scraped,2026-08-21T22:18:30.533776,
fb5a731603fe2196,https://md.linkedin.com/jobs/view/jurisconsult-4454188694,Jurisconsult,Standard Byte,posted,2026-08-22T02:50:14.706485,1207
6a50b3fd101c8542,https://md.linkedin.com/jobs/view/senior-backend-engineer-ai-platform-at-staq-io-4453456011,Senior Backend Engineer (AI Platform),,scraped,2026-08-22T06:30:56.013794,
4d397cbe98026296,https://md.linkedin.com/jobs/view/sales-representative-at-noction-moldova-4457095474,Sales Representative,,scraped,2026-08-22T08:22:53.943823,
ca64704ea390f2ef,https://md.linkedin.com/jobs/view/remote-clinical-trial-support-specialist-multiple-openings-at-angel-city-va-recruitment-4457578977,Remote Clinical Trial Support Specialist (Multiple Openings),Angel City VA Recruitment,posted,2026-08-22T10:18:14.831310,1209
af58fd2ebc17a33c,https://md.linkedin.com/jobs/view/software-engineer-localization-internationalization-at-wherewework-jobs-4456652029,"Software Engineer, Localization & Internationalization",wherewework Jobs,posted,2026-08-22T12:28:28.525892,1211
177efc59ee091824,https://md.linkedin.com/jobs/view/devops-engineer-mobile-ci-cd-fastlane-bitrise-at-wherewework-jobs-4456636893,"DevOps Engineer, Mobile CI/CD (Fastlane/Bitrise)",wherewework Jobs,posted,2026-08-22T14:16:53.603660,265
b4785971bfbb900b,https://md.linkedin.com/jobs/view/software-engineer-edge-computing-at-wherewework-jobs-4456652031,Software Engineer (Edge Computing),wherewework Jobs,posted,2026-08-22T14:17:19.207048,1213
b858b96813d8e690,https://md.linkedin.com/jobs/view/recruitment-consultant-at-wherewework-jobs-4456804267,Recruitment Consultant,wherewework Jobs,posted,2026-08-23T12:28:42.730934,1215
724d7b89871affd6,https://md.linkedin.com/jobs/view/e-commerce-product-manager-at-wherewework-jobs-4456810255,E-Commerce Product Manager,wherewework Jobs,posted,2026-08-23T12:28:57.270194,1217
cf4fb44ab3423590,https://md.linkedin.com/jobs/view/identity-access-management-iam-engineer-at-wherewework-jobs-4456206730,Identity & Access Management (IAM) Engineer,wherewework Jobs,posted,2026-08-23T12:30:22.611759,1219
182cbc587938b99a,https://md.linkedin.com/jobs/view/hr-analytics-specialist-at-wherewework-jobs-4456808274,HR Analytics Specialist,wherewework Jobs,posted,2026-08-23T12:30:37.518259,1221
bc55c5d98ee5d797,https://md.linkedin.com/jobs/view/software-engineer-rust-systems-programming-at-wherewework-jobs-4456816238,"Software Engineer, Rust Systems Programming",wherewework Jobs,posted,2026-08-23T12:30:53.348433,1223
5e616d3a79c2b7c4,https://md.linkedin.com/jobs/view/data-analyst-healthcare-outcomes-clinical-data-at-wherewework-jobs-4456821219,"Data Analyst, Healthcare Outcomes & Clinical Data",wherewework Jobs,posted,2026-08-23T12:31:05.674831,1225
a8946adc7004f3cc,https://md.linkedin.com/jobs/view/fractional-coo-at-wherewework-jobs-4456806302,Fractional COO,wherewework Jobs,posted,2026-08-23T14:19:12.182383,1227
be5f8472cf97f591,https://md.linkedin.com/jobs/view/financial-business-controller-at-dyninno-group-4457303950,Financial & Business Controller,Dyninno Group,posted,2026-08-23T14:19:21.271490,1229
b89d1fbf02320efb,https://md.linkedin.com/jobs/view/manager-de-proiect-at-wherewework-jobs-4456814267,Manager de Proiect,wherewework Jobs,posted,2026-08-23T16:19:44.289145,1231
3c5619077a4461be,https://md.linkedin.com/jobs/view/contabil-%C8%99ef-at-ppt-preturi-pentru-tine-moldova-4455806201,Contabil Șef,PPT Preturi Pentru Tine Moldova,posted,2026-08-23T18:21:21.138826,1233
a7ebb803b50ef75b,https://md.linkedin.com/jobs/view/business-case-development-specialist-at-wherewework-jobs-4456824177,Business Case Development Specialist,wherewework Jobs,posted,2026-08-23T18:22:26.586091,1235
ca4754dd5083c937,https://md.linkedin.com/jobs/view/business-owner-in-moldova-i-logistics-e-commerce-at-mail-boxes-etc-worldwide-development-4458167745,Business Owner in Moldova I Logistics & E-commerce,,scraped,2026-08-24T08:41:59.154267,
9ff75dd6e62fcff3,https://md.linkedin.com/jobs/view/data-engineer-telco-network-analytics-at-wherewework-jobs-4456810260,"Data Engineer, Telco Network Analytics",wherewework Jobs,posted,2026-08-24T08:42:34.744295,1237
842c5a1fcdadf33b,https://md.linkedin.com/jobs/view/qa-game-dev-pc-console-at-artdock-4455843616,"QA | Game Dev (PC, Console)",,scraped,2026-08-24T10:32:29.133819,
f31ebc4377cce988,https://md.linkedin.com/jobs/view/visual-merchandiser-at-wherewework-jobs-4456809261,Visual Merchandiser,wherewework Jobs,posted,2026-08-24T10:33:29.883850,1239
3e3467e75843ec0d,https://md.linkedin.com/jobs/view/market-entry-strategy-consultant-at-wherewework-jobs-4456825171,Market Entry Strategy Consultant,wherewework Jobs,posted,2026-08-24T10:33:41.818765,1241
c41a9ba8102d78b3,https://md.linkedin.com/jobs/view/data-annotator-for-geospatial-lidar-project-at-label-your-data-4458206005,Data Annotator for Geospatial / LiDAR project,Label Your Data,posted,2026-08-24T12:38:47.313584,1243
3cf51c1011cd3ed9,https://md.linkedin.com/jobs/view/data-annotator-for-geospatial-lidar-project-at-label-your-data-4458191555,Data Annotator for Geospatial / LiDAR project,Label Your Data,posted,2026-08-24T12:38:54.237348,1243
b1b81f0b410499c8,https://md.linkedin.com/jobs/view/quality-assurance-manual-tester-at-kyros-ai-4455872038,Quality Assurance Manual Tester,Kyros AI,posted,2026-08-24T12:39:12.131876,1245
68a395ca44ddbd5e,https://md.linkedin.com/jobs/view/regional-student-recruitment-partnerships-manager-medical-at-gedu-global-education-4458172425,Regional Student Recruitment & Partnerships Manager- Medical,,scraped,2026-08-24T12:39:46.777864,
dfc5fc83e6a755a0,https://md.linkedin.com/jobs/view/data-annotator-for-geospatial-lidar-project-at-label-your-data-4458185552,Data Annotator for Geospatial / LiDAR project,Label Your Data,posted,2026-08-24T12:40:16.188390,1243
a7e4320fd3958c7c,https://md.linkedin.com/jobs/view/specialist-administrare-a-riscului-financiar-at-fincombank-sa-4458196861,Specialist administrare a riscului financiar,,scraped,2026-08-24T14:37:08.574751,
ba1f8794603d49a3,https://md.linkedin.com/jobs/view/junior-software-engineer-at-cegeka-4455878152,Junior Software Engineer,,scraped,2026-08-24T14:37:50.944115,
fcba4eaa33de74c2,https://md.linkedin.com/jobs/view/data-annotator-for-geospatial-lidar-project-at-label-your-data-4458200393,Data Annotator for Geospatial / LiDAR project,Label Your Data,posted,2026-08-24T14:38:21.584126,1243
4d14c639f45f1583,https://md.linkedin.com/jobs/view/intermediate-senior-software-engineer-python-career-opportunities-at-dev-pro-at-dev-pro-4458225983,Intermediate/Senior Software Engineer (Python) Career Opportunities at Dev.Pro,Dev.Pro,posted,2026-08-24T16:31:00.664353,1247
253aaecfd0b7fd74,https://md.linkedin.com/jobs/view/external-auditor-at-wherewework-jobs-4456869663,External Auditor,wherewework Jobs,posted,2026-08-24T18:32:21.789479,1249
4eb766bafe933f7d,https://md.linkedin.com/jobs/view/colector-crean%C8%9Be-teren-at-dyninno-group-4457387185,Colector Creanțe (Teren),Dyninno Group,posted,2026-08-24T18:32:33.252578,1251
157c5020f3204572,https://md.linkedin.com/jobs/view/database-administrator-at-deel-4455894502,Database Administrator,Deel,posted,2026-08-24T18:32:47.880564,1253
6fd35b1112155615,https://md.linkedin.com/jobs/view/senior-database-administrator-at-deel-4456503392,Senior Database Administrator,Deel,posted,2026-08-24T18:33:03.102178,1255
eb3873b1623e77a9,https://md.linkedin.com/jobs/view/head-of-network-and-it-infrastructure-at-otp-bank-moldova-4455897582,Head of Network and IT Infrastructure,"OTP Bank, Moldova",posted,2026-08-24T18:33:31.928555,1257
32c3a34bd0f860fe,https://md.linkedin.com/jobs/view/accounting-specialist-at-operations-center-moldova-4455854824,Accounting Specialist,,scraped,2026-08-24T18:33:34.542292,
713cbb1a3a1e57af,https://md.linkedin.com/jobs/view/programme-analyst-n-ppsa9-republic-of-moldova-at-un-women-4458209644,Programme Analyst (N-PPSA9) _ Republic of Moldova,UN Women,posted,2026-08-24T18:33:51.097339,1259
21dbe4e908127edb,https://md.linkedin.com/jobs/view/mechanical-assembler-at-asbis-4455865062,Mechanical Assembler,,scraped,2026-08-24T18:34:07.822069,
b60a4f6853a9bfbb,https://md.linkedin.com/jobs/view/data-annotator-for-geospatial-lidar-project-at-label-your-data-4458193527,Data Annotator for Geospatial / LiDAR project,Label Your Data,posted,2026-08-24T18:34:29.851195,1243
2fbb5588e753dac3,https://md.linkedin.com/jobs/view/database-administrator-at-deel-4456513301,Database Administrator,Deel,scraped,2026-08-24T18:34:40.166402,
792274ed940253e7,https://md.linkedin.com/jobs/view/sap-hana-developer-remote-work-at-bairesdev-4457151106,SAP Hana Developer - Remote Work,BairesDev,posted,2026-08-24T20:23:43.524562,143
c280d591b2558f7f,https://md.linkedin.com/jobs/view/ai-security-specialist-at-deel-4456514028,AI Security Specialist,Deel,posted,2026-08-24T20:23:52.456141,1261
c6be56ad939fe43c,https://md.linkedin.com/jobs/view/human-resources-manager-at-buy-business-class-4455895746,Human Resources Manager,Buy Business Class,posted,2026-08-24T20:24:19.976281,1263
a91b690c2da7f28e,https://md.linkedin.com/jobs/view/manager-de-produs-at-iute-moldova-4458176651,Manager de Produs,iute Moldova,posted,2026-08-24T22:20:27.048246,105
1f02bb2cccb5ca13,https://md.linkedin.com/jobs/view/senior-backend-engineer-node-js-%2B-aws-at-deel-4456509316,Senior Backend Engineer Node.js + AWS,Deel,posted,2026-08-24T22:21:59.740439,1265
60d11333795199e1,https://md.linkedin.com/jobs/view/project-officer-%E2%80%93-electoral-risk-cybersecurity-resilience-moldova-at-international-idea-4455774436,"Project Officer – Electoral Risk & Cybersecurity Resilience, Moldova",,scraped,2026-08-25T00:57:38.381232,
ab1eebb9798d6804,https://md.linkedin.com/jobs/view/full-stack-engineer-emea-at-deel-4456514058,Full Stack Engineer - EMEA,Deel,posted,2026-08-25T00:58:25.353192,1267
213936173ca5d748,https://md.linkedin.com/jobs/view/appointment-setter-at-advanced-global-research-4457403562,Appointment Setter,Advanced Global Research,posted,2026-08-25T02:53:50.217451,1269
66b74b81360cc461,https://md.linkedin.com/jobs/view/lead-full-stack-engineer-at-idt-corporation-4458527757,Lead Full-Stack Engineer,IDT Corporation,posted,2026-08-25T02:54:40.031862,1271
5394372050018dcc,https://md.linkedin.com/jobs/view/senior-ai-ml-software-engineer-at-renqo-renovation-llc-4455898849,Senior  AI/ML Software Engineer,RENQO RENOVATION LLC,posted,2026-08-25T02:55:20.492407,1273
d398ce4c6d0af5be,https://md.linkedin.com/jobs/view/expert-v%C3%A2nz%C4%83ri-4452899987,Expert Vânzări,Recrutare MD,posted,2026-08-25T04:34:51.675255,1275
890aeb944538b725,https://md.linkedin.com/jobs/view/executive-assistant-to-chief-executive-officer-at-proimobil-md-group-company-4456913199,Executive Assistant to Chief Executive Officer,,scraped,2026-08-25T10:25:29.705655,
1e4424f6f01be6e2,https://md.linkedin.com/jobs/view/qa-automation-engineer-at-coherent-solutions-4456575998,QA Automation Engineer,Coherent Solutions,posted,2026-08-25T10:26:21.914218,1009
a387a84eca2e707e,https://md.linkedin.com/jobs/view/automation-engineer-%E2%80%93-siemens-middle-senior-at-movesflow-development-4454762553,Automation Engineer – Siemens | Middle / Senior,MovesFlow Development,posted,2026-08-25T10:26:39.040187,1277
777876db6ed47dab,https://md.linkedin.com/jobs/view/engineer-scientist-pre-register-at-european-patent-office-4453430245,Engineer / Scientist (pre-register),,scraped,2026-08-25T12:37:37.416339,
0e92640e3b8bdb4d,https://md.linkedin.com/jobs/view/data-annotator-architectural-project-at-label-your-data-4458761700,Data Annotator | Architectural Project,Label Your Data,posted,2026-08-25T16:30:07.633950,1279
e8966e7ed53cb10f,https://md.linkedin.com/jobs/view/data-annotator-architectural-project-at-label-your-data-4458752765,Data Annotator | Architectural Project,Label Your Data,posted,2026-08-25T16:30:14.509540,1279
acf435a41396ff9e,https://md.linkedin.com/jobs/view/data-annotator-architectural-project-at-label-your-data-4458756726,Data Annotator | Architectural Project,Label Your Data,posted,2026-08-25T16:31:21.884826,1279
8077a3c2a198c0a3,https://md.linkedin.com/jobs/view/data-annotator-architectural-project-at-label-your-data-4458759704,Data Annotator | Architectural Project,Label Your Data,posted,2026-08-25T16:31:31.044749,1279
4f1bec02bd6361b2,https://md.linkedin.com/jobs/view/experienced-auditor-chisinau-office-at-deloitte-4456948081,Experienced Auditor | Chisinau Office,Deloitte,posted,2026-08-25T18:32:27.677179,1281
66fd5fe9971f9be1,https://md.linkedin.com/jobs/view/it-project-analyst-short-term-at-undp-careers-4458770299,"IT Project Analyst, Short-Term",UNDP Careers,posted,2026-08-25T18:33:19.803461,1283
d7ce95432d06c858,https://md.linkedin.com/jobs/view/it-internship-%E2%80%94-first-real-world-project-experience-at-merxion-4455892503,IT Internship — First Real-World Project Experience,Merxion,posted,2026-08-25T18:33:29.612033,1285
beab39c91e8f9839,https://md.linkedin.com/jobs/view/lead-full-stack-engineer-node-js-vue-at-idt-corporation-4458527757,Lead Full-Stack Engineer (Node.js & Vue),IDT Corporation,posted,2026-08-25T22:21:16.857325,1287
7f3ae7e99a02e60c,https://md.linkedin.com/jobs/view/data-annotator-architectural-project-at-label-your-data-4458760637,Data Annotator | Architectural Project,Label Your Data,posted,2026-08-26T03:00:35.771872,1279
d1b4e0b52212d9b2,https://md.linkedin.com/jobs/view/android-developer-jetpack-compose-at-wherewework-jobs-4456803302,Android Developer (Jetpack Compose),wherewework Jobs,posted,2026-08-26T08:38:02.125961,1289
713226da5731d331,https://md.linkedin.com/jobs/view/asistent-administrativ-cu-limba-francez%C4%83-at-veo-worldwide-services-4459164234,Asistent Administrativ cu Limba Franceză,,scraped,2026-08-26T08:38:06.704081,
216895739aa1aaa9,https://md.linkedin.com/jobs/view/executive-assistant-to-chief-executive-officer-at-proimobil-md-group-company-4457235630,Executive Assistant to Chief Executive Officer,,scraped,2026-08-26T10:30:00.203009,
c2ddc3e86425b21b,https://md.linkedin.com/jobs/view/junior-net-engineer-at-cegeka-4455878152,Junior .Net Engineer,,scraped,2026-08-26T10:30:47.119821,
7b1f8b852ccdf7fb,https://md.linkedin.com/jobs/view/solutions-architect-at-amach-4457940089,Solutions Architect,,scraped,2026-08-26T12:40:31.871885,
e4fefbc65a18476e,https://md.linkedin.com/jobs/view/goods-receiving-supervisor-at-wherewework-jobs-4457913987,Goods Receiving Supervisor,wherewework Jobs,posted,2026-08-26T12:41:19.862559,1291
8214951436173e47,https://md.linkedin.com/jobs/view/ai-content-creator-m-f-d-at-autodoc-4457699878,AI Content Creator (m/f/d),,scraped,2026-08-26T14:39:01.512667,
7c39441cbec0c14e,https://md.linkedin.com/jobs/view/principal-devops-engineer-at-amdaris-4458766816,Principal DevOps Engineer,,scraped,2026-08-26T14:39:25.973654,
6d67dab32fe3a995,https://md.linkedin.com/jobs/view/sales-representative-key-account-hrtech-industry-for-moldova-at-wherewework-jobs-4457933055,Sales Representative & Key Account (HRTech industry) for Moldova,wherewework Jobs,posted,2026-08-26T14:40:19.902943,151
7a7aa81ab8709e44,https://md.linkedin.com/jobs/view/airlines-sales-agent-at-buy-business-class-4457282464,Airlines Sales agent,Buy Business Class,posted,2026-08-26T19:42:40.471331,1293
68d985017342f020,https://md.linkedin.com/jobs/view/international-indiv-consultant-module-%E2%80%9Chealth-promotion-and-behaviour-change%E2%80%9D-for-master%E2%80%99s-programme-in-health-promotion-protection-at-state-univ-of-medicine-and-pharmacy-chisinau-moldova-at-unicef-bangladesh-4457947767,"International Indiv Consultant - Module “Health Promotion and Behaviour Change” for Master’s Programme in Health Promotion & Protection at State Univ of Medicine and Pharmacy_Chisinau, Moldova",,scraped,2026-08-26T19:43:06.844391,
be72c5391a24196f,https://md.linkedin.com/jobs/view/director-general-at-berd-s-hotel-chisinau-4459379150,Director General,,scraped,2026-08-26T22:40:02.828362,
d213177bd119d8eb,https://md.linkedin.com/jobs/view/ai-architect-voice-ai-at-neurons-lab-4459379282,AI Architect (Voice AI),,scraped,2026-08-26T22:40:46.374889,
da08ccf064a7a1c4,https://md.linkedin.com/jobs/view/technical-crm-specialist-moldova-at-the-customization-group-4458636901,Technical CRM Specialist (Moldova),,scraped,2026-08-27T18:44:39.417737,
30e840dc6e8a36cd,https://md.linkedin.com/jobs/view/crm-specialist-ai-first-moldova-at-the-customization-group-4458652010,"CRM Specialist, AI-first (Moldova)",,scraped,2026-08-27T18:44:46.174466,
b3180d0fc41ffd68,https://md.linkedin.com/jobs/view/experienced-auditor-chisinau-office-at-acca-careers-4459695488,Experienced Auditor | Chisinau Office,,scraped,2026-08-27T18:44:54.512354,
37881873b6d92bf6,https://md.linkedin.com/jobs/view/senior-net-developer-for-sport-math-team-at-gr8-tech-4459882003,Senior .NET Developer for Sport Math Team,,scraped,2026-08-27T18:45:13.060893,
d1fbb38c554b43a4,https://md.linkedin.com/jobs/view/agent-de-v%C3%A2nz%C4%83ri-4433914819,Agent de vânzări,Trustera Group SRL,posted,2026-08-27T18:45:29.782701,1295
ef7f86b12f1a330c,https://md.linkedin.com/jobs/view/lead-ai-technical-solution-sales-support-at-ericsson-4458653157,Lead AI Technical Solution Sales Support,,scraped,2026-08-27T18:45:32.414219,
5be8e8542f767dfa,https://md.linkedin.com/jobs/view/python-developer%0A%09%09chisinau-at-z-studio-design-4458368524,"Python Developer
		Chisinau",Z Studio Design,posted,2026-08-27T18:45:46.733280,1297
16c290bc5405697f,https://md.linkedin.com/jobs/view/international-indiv-consultant-module-%E2%80%9Chealth-promotion-and-behaviour-change%E2%80%9D-for-master%E2%80%99s-programme-in-health-promotion-protection-at-state-univ-of-medicine-and-pharmacy-chisinau-moldova-at-unicef-chad-4457272712,"International Indiv Consultant - Module “Health Promotion and Behaviour Change” for Master’s Programme in Health Promotion & Protection at State Univ of Medicine and Pharmacy_Chisinau, Moldova",Unicef CHAD,posted,2026-08-27T18:46:11.333382,1299
e4bf5a808c67b53c,https://md.linkedin.com/jobs/view/ai-architect-tech-lead-mahjong-game-at-neurons-lab-4459383234,AI Architect / Tech Lead (mahjong game),,scraped,2026-08-27T18:46:26.057868,
3a86364204149800,https://md.linkedin.com/jobs/view/senior-software-engineer-search-indexing-elasticsearch-at-wherewework-jobs-4458614231,"Senior Software Engineer, Search & Indexing (Elasticsearch)",wherewework Jobs,posted,2026-08-27T18:46:54.584248,1301
5ef732a472f2b659,https://md.linkedin.com/jobs/view/api-developer-restful-graphql-at-wherewework-jobs-4458398420,"API Developer, RESTful & GraphQL",wherewework Jobs,posted,2026-08-27T18:47:08.288057,203
26e0f2e0914ccf01,https://md.linkedin.com/jobs/view/business-development-manager-%D1%83%D0%B4%D0%B0%D0%BB%D0%B5%D0%BD%D0%BD%D0%BE-home-office-at-b2b-clean-space-4457762231,Business Development Manager (удаленно / home-office,,scraped,2026-08-28T03:59:06.405857,
b244571a9d8311ab,https://md.linkedin.com/jobs/view/senior-backend-engineer-ai-native-data-systems-at-kyros-ai-4458019290,Senior Backend Engineer (AI-Native & Data Systems),Kyros AI,posted,2026-08-28T03:59:29.416949,1303
c68cb491874ba167,https://md.linkedin.com/jobs/view/senior-software-engineer-at-payforge-4458028814,Senior Software Engineer,Payforge,posted,2026-08-28T04:00:00.697313,1305
3f50566f4377bf2d,https://md.linkedin.com/jobs/view/business-development-talent-acquisition-specialist-at-nebiru-4459194936,Business Development & Talent Acquisition Specialist,,scraped,2026-08-28T04:00:07.310423,
b523600e644b34cb,https://md.linkedin.com/jobs/view/snoop-dogg%E2%80%99s-international-ice-cream-taster-at-dr-bombay-bosslady-foods-4458301013,Snoop Dogg’s International Ice Cream Taster,Dr.Bombay / Bosslady Foods,posted,2026-08-28T04:00:26.069741,1307
8c997ff5c470c0b1,https://md.linkedin.com/jobs/view/red-team-specialist-offensive-security-operations-at-wherewework-jobs-4458613218,"Red Team Specialist, Offensive Security Operations",wherewework Jobs,posted,2026-08-28T04:00:52.381171,1309
61997035c929f05d,https://md.linkedin.com/jobs/view/application-security-engineer-secure-sdlc-at-wherewework-jobs-4458613215,Application Security Engineer (Secure SDLC),wherewework Jobs,posted,2026-08-28T04:01:19.081017,1311
8ad59e79e1345d6a,https://md.linkedin.com/jobs/view/senior-powershell-automation-engineer-at-stefanini-emea-4439430558,Senior PowerShell Automation Engineer,Stefanini EMEA,posted,2026-08-28T16:25:30.417135,1313
edc9eac0dba26ced,https://md.linkedin.com/jobs/view/devops-cloud-security-engineer-aws-azure-at-isd-4459169952,DevOps / Cloud Security Engineer (AWS & Azure),,scraped,2026-08-28T16:25:45.159923,
ddc827d2efc460f7,https://md.linkedin.com/jobs/view/full-stack-software-engineer-at-mwdn-4457920343,Full-Stack Software Engineer,MWDN,posted,2026-08-28T16:26:24.149514,1315
28e2f93e5da06fc5,https://md.linkedin.com/jobs/view/agreed-upon-procedures-specialist-at-wherewework-jobs-4458955474,Agreed-Upon Procedures Specialist,wherewework Jobs,posted,2026-08-28T16:26:49.968032,1317
77a484592004336a,https://md.linkedin.com/jobs/view/innovation-new-ventures-consultant-at-wherewework-jobs-4458965381,Innovation & New Ventures Consultant,wherewework Jobs,posted,2026-08-28T16:27:00.664157,665
10ee645fdb6ae199,https://md.linkedin.com/jobs/view/digital-product-analyst-2-openings-open-to-internal-and-external-applicants-at-undp-careers-4459659656,Digital Product Analyst (2 openings) [Open to internal and external applicants],UNDP Careers,posted,2026-08-29T01:23:58.522473,1319
6112d6ceac9b7bfe,https://md.linkedin.com/jobs/view/payroll-coordinator-emea-fixed-term-contract-at-safeguard-global-4460500321,Payroll Coordinator EMEA - Fixed Term Contract,Safeguard Global,posted,2026-08-29T01:24:07.994915,1321
6b13554b933677d3,https://md.linkedin.com/jobs/view/ad-creative-producer-at-ruby-labs-4460348617,Ad Creative Producer,Ruby Labs,posted,2026-08-29T01:24:22.317014,1323
81d778cceca33171,https://md.linkedin.com/jobs/view/vacancy-notice-for-the-assistant-to-the-resident-twinning-advisor-rta-at-eubam-libya-4459633783,Vacancy notice for the Assistant to the Resident Twinning Advisor (RTA),,scraped,2026-08-29T01:24:32.916910,
016cfbde83e6af27,https://md.linkedin.com/jobs/view/chisinau-cabin-crew-opportunities-dubai-based-relocation-provided-at-emirates-4457794910,"Chisinau Cabin Crew Opportunities (Dubai Based, Relocation Provided)",Emirates,posted,2026-08-29T01:24:51.647517,891
7553b356b6410ee9,https://md.linkedin.com/jobs/view/software-architect-distributed-systems-at-wherewework-jobs-4458956453,Software Architect (Distributed Systems),wherewework Jobs,posted,2026-08-29T01:25:40.768781,1325
e988b46ee3b7b5ce,https://md.linkedin.com/jobs/view/software-engineer-low-code-no-code-platform-at-wherewework-jobs-4458616105,"Software Engineer, Low-Code/No-Code Platform",wherewework Jobs,posted,2026-08-29T01:25:57.046927,1327
ed450ea1d97a0d06,https://md.linkedin.com/jobs/view/senior-crm-expert-moldova-at-the-customization-group-4458640867,Senior CRM Expert (Moldova),,scraped,2026-08-29T08:33:24.525903,
2b310d1663470015,https://md.linkedin.com/jobs/view/senior-full-stack-software-engineer-python-react-at-3pillar-4460382234,Senior Full-Stack Software Engineer (Python / React),3Pillar,posted,2026-08-29T08:33:37.617674,1329
5cfaffe4f41e5884,https://md.linkedin.com/jobs/view/key-account-manager-at-azamet-4460816422,Key Account Manager,,scraped,2026-08-29T14:54:14.434864,
b9932f16d05f5f94,https://md.linkedin.com/jobs/view/store-manager-at-wherewework-jobs-4459701210,Store Manager,wherewework Jobs,posted,2026-08-29T19:06:28.984613,1331
9d1ea2c34147b4ef,https://md.linkedin.com/jobs/view/vacancy-secretary-at-eubam-libya-4460813712,Vacancy: Secretary,,scraped,2026-08-29T22:12:36.025022,
1df38517545d6c1e,https://md.linkedin.com/jobs/view/ot-cybersecurity-engineer-at-stefanini-emea-4458655253,OT Cybersecurity Engineer,Stefanini EMEA,posted,2026-08-29T22:12:56.738005,1333
6e4ad57d0d86aa0b,https://md.linkedin.com/jobs/view/software-engineer-rust-systems-programming-at-wherewework-jobs-4459700198,"Software Engineer, Rust Systems Programming",wherewework Jobs,posted,2026-08-29T22:13:36.851543,1223
7f27dc265614dbc2,https://md.linkedin.com/jobs/view/senior-software-engineer-saas-platform-at-wherewework-jobs-4459494221,Senior Software Engineer (SaaS Platform),wherewework Jobs,posted,2026-08-29T22:13:46.836408,261
9fa0bdf18910b88a,https://md.linkedin.com/jobs/view/cluster-store-manager-at-wherewework-jobs-4459489266,Cluster Store Manager,wherewework Jobs,posted,2026-08-30T14:39:46.066207,1335
9e12902034817646,https://md.linkedin.com/jobs/view/amos-admin-at-amach-4457931208,AMOS Admin,,scraped,2026-08-30T19:00:15.023453,
f86fe8522a09b4b1,https://md.linkedin.com/jobs/view/astrology-chat-operator-at-ruby-labs-4459196549,Astrology Chat Operator,Ruby Labs,posted,2026-08-30T19:00:51.073945,1337
b7123ac5fe74ef5b,https://md.linkedin.com/jobs/view/sap-hana-developer-remote-work-at-bairesdev-4460035338,SAP Hana Developer - Remote Work,BairesDev,posted,2026-08-31T18:37:44.846668,143
0c041080a6dea51b,https://md.linkedin.com/jobs/view/payroll-coordinator-at-safeguard-global-4461092605,Payroll Coordinator,Safeguard Global,posted,2026-08-31T18:37:56.299077,1339
c5921251f65448a8,https://md.linkedin.com/jobs/view/head-of-product-at-scrambly-4458898842,Head of Product,,scraped,2026-08-31T18:38:00.912397,
0dd1ce4c090249d8,https://md.linkedin.com/jobs/view/media-and-communications-associate-at-iom-un-migration-4461206611,Media and Communications Associate,IOM - UN Migration,posted,2026-08-31T18:38:19.306057,1341
01b4e36c02e4891e,https://md.linkedin.com/jobs/view/engineering-manager-mobile-boss-revolution-calling-app-at-idt-corporation-4461245353,"Engineering Manager, Mobile (Boss Revolution: Calling App)",IDT Corporation,posted,2026-08-31T18:38:37.546651,1343
b42f678b70e68341,https://md.linkedin.com/jobs/view/senior-unity-developer-at-ingamejob-com-4460080161,Senior Unity Developer,,scraped,2026-08-31T23:34:41.657327,
b45f302baaaeccdd,https://md.linkedin.com/jobs/view/software-golang-kubernetes-engineer-at-gcore-4460349279,Software Golang Kubernetes Engineer,,scraped,2026-08-31T23:35:03.021084,
0646b350c7941abf,https://md.linkedin.com/jobs/view/call-center-manager-at-ocean-credit-ifn-4334617626,Call Center Manager,,scraped,2026-09-01T03:07:17.123205,
faba284bef6e56e7,https://md.linkedin.com/jobs/view/mission-spokesperson-s2-at-osce-4458009403,Mission Spokesperson (S2),,scraped,2026-09-01T03:07:39.509507,
c71cab4565b6b3bb,https://md.linkedin.com/jobs/view/asistent-administrativ-financiar-at-veo-worldwide-services-4461039977,Asistent Administrativ Financiar,,scraped,2026-09-01T03:07:57.169214,
